Timing Analyzer report for fifo_demo
Tue Aug  4 08:03:58 2026
Quartus Prime Version 21.1.0 Build 842 10/21/2021 SJ Lite Edition


---------------------
; Table of Contents ;
---------------------
  1. Legal Notice
  2. Timing Analyzer Summary
  3. Parallel Compilation
  4. Clocks
  5. Slow 1200mV 85C Model Fmax Summary
  6. Timing Closure Recommendations
  7. Slow 1200mV 85C Model Setup Summary
  8. Slow 1200mV 85C Model Hold Summary
  9. Slow 1200mV 85C Model Recovery Summary
 10. Slow 1200mV 85C Model Removal Summary
 11. Slow 1200mV 85C Model Minimum Pulse Width Summary
 12. Slow 1200mV 85C Model Setup: 'CLOCK_50'
 13. Slow 1200mV 85C Model Hold: 'CLOCK_50'
 14. Slow 1200mV 85C Model Metastability Summary
 15. Slow 1200mV 0C Model Fmax Summary
 16. Slow 1200mV 0C Model Setup Summary
 17. Slow 1200mV 0C Model Hold Summary
 18. Slow 1200mV 0C Model Recovery Summary
 19. Slow 1200mV 0C Model Removal Summary
 20. Slow 1200mV 0C Model Minimum Pulse Width Summary
 21. Slow 1200mV 0C Model Setup: 'CLOCK_50'
 22. Slow 1200mV 0C Model Hold: 'CLOCK_50'
 23. Slow 1200mV 0C Model Metastability Summary
 24. Fast 1200mV 0C Model Setup Summary
 25. Fast 1200mV 0C Model Hold Summary
 26. Fast 1200mV 0C Model Recovery Summary
 27. Fast 1200mV 0C Model Removal Summary
 28. Fast 1200mV 0C Model Minimum Pulse Width Summary
 29. Fast 1200mV 0C Model Setup: 'CLOCK_50'
 30. Fast 1200mV 0C Model Hold: 'CLOCK_50'
 31. Fast 1200mV 0C Model Metastability Summary
 32. Multicorner Timing Analysis Summary
 33. Board Trace Model Assignments
 34. Input Transition Times
 35. Signal Integrity Metrics (Slow 1200mv 0c Model)
 36. Signal Integrity Metrics (Slow 1200mv 85c Model)
 37. Signal Integrity Metrics (Fast 1200mv 0c Model)
 38. Setup Transfers
 39. Hold Transfers
 40. Report TCCS
 41. Report RSKM
 42. Unconstrained Paths Summary
 43. Clock Status Summary
 44. Unconstrained Input Ports
 45. Unconstrained Output Ports
 46. Unconstrained Input Ports
 47. Unconstrained Output Ports
 48. Timing Analyzer Messages



----------------
; Legal Notice ;
----------------
Copyright (C) 2021  Intel Corporation. All rights reserved.
Your use of Intel Corporation's design tools, logic functions 
and other software and tools, and any partner logic 
functions, and any output files from any of the foregoing 
(including device programming or simulation files), and any 
associated documentation or information are expressly subject 
to the terms and conditions of the Intel Program License 
Subscription Agreement, the Intel Quartus Prime License Agreement,
the Intel FPGA IP License Agreement, or other applicable license
agreement, including, without limitation, that your use is for
the sole purpose of programming logic devices manufactured by
Intel and sold by Intel or its authorized distributors.  Please
refer to the applicable agreement for further details, at
https://fpgasoftware.intel.com/eula.



+-----------------------------------------------------------------------------+
; Timing Analyzer Summary                                                     ;
+-----------------------+-----------------------------------------------------+
; Quartus Prime Version ; Version 21.1.0 Build 842 10/21/2021 SJ Lite Edition ;
; Timing Analyzer       ; Legacy Timing Analyzer                              ;
; Revision Name         ; fifo_demo                                           ;
; Device Family         ; Cyclone IV E                                        ;
; Device Name           ; EP4CE115F29C7                                       ;
; Timing Models         ; Final                                               ;
; Delay Model           ; Combined                                            ;
; Rise/Fall Delays      ; Enabled                                             ;
+-----------------------+-----------------------------------------------------+


+------------------------------------------+
; Parallel Compilation                     ;
+----------------------------+-------------+
; Processors                 ; Number      ;
+----------------------------+-------------+
; Number detected on machine ; 12          ;
; Maximum allowed            ; 6           ;
;                            ;             ;
; Average used               ; 1.03        ;
; Maximum used               ; 6           ;
;                            ;             ;
; Usage by Processor         ; % Time Used ;
;     Processor 1            ; 100.0%      ;
;     Processor 2            ;   0.6%      ;
;     Processors 3-6         ;   0.6%      ;
+----------------------------+-------------+


+--------------------------------------------------------------------------------------------------------------------------------------------------------------------------------------+
; Clocks                                                                                                                                                                               ;
+------------+------+--------+------------+-------+-------+------------+-----------+-------------+-------+--------+-----------+------------+----------+--------+--------+--------------+
; Clock Name ; Type ; Period ; Frequency  ; Rise  ; Fall  ; Duty Cycle ; Divide by ; Multiply by ; Phase ; Offset ; Edge List ; Edge Shift ; Inverted ; Master ; Source ; Targets      ;
+------------+------+--------+------------+-------+-------+------------+-----------+-------------+-------+--------+-----------+------------+----------+--------+--------+--------------+
; CLOCK_50   ; Base ; 1.000  ; 1000.0 MHz ; 0.000 ; 0.500 ;            ;           ;             ;       ;        ;           ;            ;          ;        ;        ; { CLOCK_50 } ;
+------------+------+--------+------------+-------+-------+------------+-----------+-------------+-------+--------+-----------+------------+----------+--------+--------+--------------+


+--------------------------------------------------+
; Slow 1200mV 85C Model Fmax Summary               ;
+------------+-----------------+------------+------+
; Fmax       ; Restricted Fmax ; Clock Name ; Note ;
+------------+-----------------+------------+------+
; 197.24 MHz ; 197.24 MHz      ; CLOCK_50   ;      ;
+------------+-----------------+------------+------+
This panel reports FMAX for every clock in the design, regardless of the user-specified clock periods.  FMAX is only computed for paths where the source and destination registers or ports are driven by the same clock.  Paths of different clocks, including generated clocks, are ignored.  For paths between a clock and its inversion, FMAX is computed as if the rising and falling edges are scaled along with FMAX, such that the duty cycle (in terms of a percentage) is maintained. Altera recommends that you always use clock constraints and other slack reports for sign-off analysis.


----------------------------------
; Timing Closure Recommendations ;
----------------------------------
HTML report is unavailable in plain text report export.


+-------------------------------------+
; Slow 1200mV 85C Model Setup Summary ;
+----------+--------+-----------------+
; Clock    ; Slack  ; End Point TNS   ;
+----------+--------+-----------------+
; CLOCK_50 ; -4.070 ; -453.951        ;
+----------+--------+-----------------+


+------------------------------------+
; Slow 1200mV 85C Model Hold Summary ;
+----------+-------+-----------------+
; Clock    ; Slack ; End Point TNS   ;
+----------+-------+-----------------+
; CLOCK_50 ; 0.403 ; 0.000           ;
+----------+-------+-----------------+


------------------------------------------
; Slow 1200mV 85C Model Recovery Summary ;
------------------------------------------
No paths to report.


-----------------------------------------
; Slow 1200mV 85C Model Removal Summary ;
-----------------------------------------
No paths to report.


+---------------------------------------------------+
; Slow 1200mV 85C Model Minimum Pulse Width Summary ;
+----------+--------+-------------------------------+
; Clock    ; Slack  ; End Point TNS                 ;
+----------+--------+-------------------------------+
; CLOCK_50 ; -3.000 ; -197.035                      ;
+----------+--------+-------------------------------+


+--------------------------------------------------------------------------------------------------------------------------------------------------------+
; Slow 1200mV 85C Model Setup: 'CLOCK_50'                                                                                                                ;
+--------+------------------------------------+------------------------------------+--------------+-------------+--------------+------------+------------+
; Slack  ; From Node                          ; To Node                            ; Launch Clock ; Latch Clock ; Relationship ; Clock Skew ; Data Delay ;
+--------+------------------------------------+------------------------------------+--------------+-------------+--------------+------------+------------+
; -4.070 ; debounce:u_debounce_wr|counter[12] ; debounce:u_debounce_wr|counter[2]  ; CLOCK_50     ; CLOCK_50    ; 1.000        ; -0.074     ; 4.994      ;
; -4.070 ; debounce:u_debounce_wr|counter[12] ; debounce:u_debounce_wr|counter[9]  ; CLOCK_50     ; CLOCK_50    ; 1.000        ; -0.074     ; 4.994      ;
; -4.000 ; debounce:u_debounce_wr|counter[0]  ; debounce:u_debounce_wr|counter[2]  ; CLOCK_50     ; CLOCK_50    ; 1.000        ; -0.510     ; 4.488      ;
; -4.000 ; debounce:u_debounce_wr|counter[0]  ; debounce:u_debounce_wr|counter[9]  ; CLOCK_50     ; CLOCK_50    ; 1.000        ; -0.510     ; 4.488      ;
; -3.924 ; debounce:u_debounce_wr|counter[9]  ; debounce:u_debounce_wr|counter[2]  ; CLOCK_50     ; CLOCK_50    ; 1.000        ; -0.079     ; 4.843      ;
; -3.924 ; debounce:u_debounce_wr|counter[9]  ; debounce:u_debounce_wr|counter[9]  ; CLOCK_50     ; CLOCK_50    ; 1.000        ; -0.079     ; 4.843      ;
; -3.915 ; debounce:u_debounce_wr|counter[11] ; debounce:u_debounce_wr|counter[2]  ; CLOCK_50     ; CLOCK_50    ; 1.000        ; -0.074     ; 4.839      ;
; -3.915 ; debounce:u_debounce_wr|counter[11] ; debounce:u_debounce_wr|counter[9]  ; CLOCK_50     ; CLOCK_50    ; 1.000        ; -0.074     ; 4.839      ;
; -3.841 ; debounce:u_debounce_wr|counter[1]  ; debounce:u_debounce_wr|counter[2]  ; CLOCK_50     ; CLOCK_50    ; 1.000        ; -0.510     ; 4.329      ;
; -3.841 ; debounce:u_debounce_wr|counter[1]  ; debounce:u_debounce_wr|counter[9]  ; CLOCK_50     ; CLOCK_50    ; 1.000        ; -0.510     ; 4.329      ;
; -3.726 ; debounce:u_debounce_wr|counter[3]  ; debounce:u_debounce_wr|counter[2]  ; CLOCK_50     ; CLOCK_50    ; 1.000        ; -0.510     ; 4.214      ;
; -3.726 ; debounce:u_debounce_wr|counter[3]  ; debounce:u_debounce_wr|counter[9]  ; CLOCK_50     ; CLOCK_50    ; 1.000        ; -0.510     ; 4.214      ;
; -3.717 ; debounce:u_debounce_rd|counter[11] ; debounce:u_debounce_rd|counter[9]  ; CLOCK_50     ; CLOCK_50    ; 1.000        ; -0.079     ; 4.636      ;
; -3.657 ; debounce:u_debounce_wr|counter[12] ; debounce:u_debounce_wr|counter[0]  ; CLOCK_50     ; CLOCK_50    ; 1.000        ; 0.339      ; 4.994      ;
; -3.657 ; debounce:u_debounce_wr|counter[12] ; debounce:u_debounce_wr|counter[1]  ; CLOCK_50     ; CLOCK_50    ; 1.000        ; 0.339      ; 4.994      ;
; -3.657 ; debounce:u_debounce_wr|counter[12] ; debounce:u_debounce_wr|counter[3]  ; CLOCK_50     ; CLOCK_50    ; 1.000        ; 0.339      ; 4.994      ;
; -3.657 ; debounce:u_debounce_wr|counter[12] ; debounce:u_debounce_wr|counter[4]  ; CLOCK_50     ; CLOCK_50    ; 1.000        ; 0.339      ; 4.994      ;
; -3.657 ; debounce:u_debounce_wr|counter[12] ; debounce:u_debounce_wr|counter[5]  ; CLOCK_50     ; CLOCK_50    ; 1.000        ; 0.339      ; 4.994      ;
; -3.657 ; debounce:u_debounce_wr|counter[12] ; debounce:u_debounce_wr|counter[6]  ; CLOCK_50     ; CLOCK_50    ; 1.000        ; 0.339      ; 4.994      ;
; -3.657 ; debounce:u_debounce_wr|counter[12] ; debounce:u_debounce_wr|counter[7]  ; CLOCK_50     ; CLOCK_50    ; 1.000        ; 0.339      ; 4.994      ;
; -3.657 ; debounce:u_debounce_wr|counter[12] ; debounce:u_debounce_wr|counter[8]  ; CLOCK_50     ; CLOCK_50    ; 1.000        ; 0.339      ; 4.994      ;
; -3.631 ; debounce:u_debounce_rd|counter[11] ; debounce:u_debounce_rd|counter[0]  ; CLOCK_50     ; CLOCK_50    ; 1.000        ; 0.339      ; 4.968      ;
; -3.631 ; debounce:u_debounce_rd|counter[11] ; debounce:u_debounce_rd|counter[1]  ; CLOCK_50     ; CLOCK_50    ; 1.000        ; 0.339      ; 4.968      ;
; -3.631 ; debounce:u_debounce_rd|counter[11] ; debounce:u_debounce_rd|counter[2]  ; CLOCK_50     ; CLOCK_50    ; 1.000        ; 0.339      ; 4.968      ;
; -3.631 ; debounce:u_debounce_rd|counter[11] ; debounce:u_debounce_rd|counter[3]  ; CLOCK_50     ; CLOCK_50    ; 1.000        ; 0.339      ; 4.968      ;
; -3.631 ; debounce:u_debounce_rd|counter[11] ; debounce:u_debounce_rd|counter[4]  ; CLOCK_50     ; CLOCK_50    ; 1.000        ; 0.339      ; 4.968      ;
; -3.631 ; debounce:u_debounce_rd|counter[11] ; debounce:u_debounce_rd|counter[5]  ; CLOCK_50     ; CLOCK_50    ; 1.000        ; 0.339      ; 4.968      ;
; -3.631 ; debounce:u_debounce_rd|counter[11] ; debounce:u_debounce_rd|counter[6]  ; CLOCK_50     ; CLOCK_50    ; 1.000        ; 0.339      ; 4.968      ;
; -3.631 ; debounce:u_debounce_rd|counter[11] ; debounce:u_debounce_rd|counter[7]  ; CLOCK_50     ; CLOCK_50    ; 1.000        ; 0.339      ; 4.968      ;
; -3.631 ; debounce:u_debounce_rd|counter[11] ; debounce:u_debounce_rd|counter[8]  ; CLOCK_50     ; CLOCK_50    ; 1.000        ; 0.339      ; 4.968      ;
; -3.617 ; debounce:u_debounce_wr|counter[10] ; debounce:u_debounce_wr|counter[2]  ; CLOCK_50     ; CLOCK_50    ; 1.000        ; -0.074     ; 4.541      ;
; -3.617 ; debounce:u_debounce_wr|counter[10] ; debounce:u_debounce_wr|counter[9]  ; CLOCK_50     ; CLOCK_50    ; 1.000        ; -0.074     ; 4.541      ;
; -3.606 ; debounce:u_debounce_wr|counter[12] ; debounce:u_debounce_wr|counter[10] ; CLOCK_50     ; CLOCK_50    ; 1.000        ; -0.080     ; 4.524      ;
; -3.606 ; debounce:u_debounce_wr|counter[12] ; debounce:u_debounce_wr|counter[11] ; CLOCK_50     ; CLOCK_50    ; 1.000        ; -0.080     ; 4.524      ;
; -3.606 ; debounce:u_debounce_wr|counter[12] ; debounce:u_debounce_wr|counter[12] ; CLOCK_50     ; CLOCK_50    ; 1.000        ; -0.080     ; 4.524      ;
; -3.606 ; debounce:u_debounce_wr|counter[12] ; debounce:u_debounce_wr|counter[14] ; CLOCK_50     ; CLOCK_50    ; 1.000        ; -0.080     ; 4.524      ;
; -3.587 ; debounce:u_debounce_wr|counter[0]  ; debounce:u_debounce_wr|counter[0]  ; CLOCK_50     ; CLOCK_50    ; 1.000        ; -0.097     ; 4.488      ;
; -3.587 ; debounce:u_debounce_wr|counter[0]  ; debounce:u_debounce_wr|counter[1]  ; CLOCK_50     ; CLOCK_50    ; 1.000        ; -0.097     ; 4.488      ;
; -3.587 ; debounce:u_debounce_wr|counter[0]  ; debounce:u_debounce_wr|counter[3]  ; CLOCK_50     ; CLOCK_50    ; 1.000        ; -0.097     ; 4.488      ;
; -3.587 ; debounce:u_debounce_wr|counter[0]  ; debounce:u_debounce_wr|counter[4]  ; CLOCK_50     ; CLOCK_50    ; 1.000        ; -0.097     ; 4.488      ;
; -3.587 ; debounce:u_debounce_wr|counter[0]  ; debounce:u_debounce_wr|counter[5]  ; CLOCK_50     ; CLOCK_50    ; 1.000        ; -0.097     ; 4.488      ;
; -3.587 ; debounce:u_debounce_wr|counter[0]  ; debounce:u_debounce_wr|counter[6]  ; CLOCK_50     ; CLOCK_50    ; 1.000        ; -0.097     ; 4.488      ;
; -3.587 ; debounce:u_debounce_wr|counter[0]  ; debounce:u_debounce_wr|counter[7]  ; CLOCK_50     ; CLOCK_50    ; 1.000        ; -0.097     ; 4.488      ;
; -3.587 ; debounce:u_debounce_wr|counter[0]  ; debounce:u_debounce_wr|counter[8]  ; CLOCK_50     ; CLOCK_50    ; 1.000        ; -0.097     ; 4.488      ;
; -3.575 ; debounce:u_debounce_rd|counter[11] ; debounce:u_debounce_rd|counter[12] ; CLOCK_50     ; CLOCK_50    ; 1.000        ; -0.079     ; 4.494      ;
; -3.575 ; debounce:u_debounce_rd|counter[11] ; debounce:u_debounce_rd|counter[10] ; CLOCK_50     ; CLOCK_50    ; 1.000        ; -0.079     ; 4.494      ;
; -3.575 ; debounce:u_debounce_rd|counter[11] ; debounce:u_debounce_rd|counter[11] ; CLOCK_50     ; CLOCK_50    ; 1.000        ; -0.079     ; 4.494      ;
; -3.575 ; debounce:u_debounce_rd|counter[11] ; debounce:u_debounce_rd|counter[14] ; CLOCK_50     ; CLOCK_50    ; 1.000        ; -0.079     ; 4.494      ;
; -3.573 ; debounce:u_debounce_wr|counter[2]  ; debounce:u_debounce_wr|counter[2]  ; CLOCK_50     ; CLOCK_50    ; 1.000        ; -0.079     ; 4.492      ;
; -3.573 ; debounce:u_debounce_wr|counter[2]  ; debounce:u_debounce_wr|counter[9]  ; CLOCK_50     ; CLOCK_50    ; 1.000        ; -0.079     ; 4.492      ;
; -3.552 ; debounce:u_debounce_rd|counter[3]  ; debounce:u_debounce_rd|counter[9]  ; CLOCK_50     ; CLOCK_50    ; 1.000        ; -0.515     ; 4.035      ;
; -3.549 ; debounce:u_debounce_rd|counter[0]  ; debounce:u_debounce_rd|counter[9]  ; CLOCK_50     ; CLOCK_50    ; 1.000        ; -0.515     ; 4.032      ;
; -3.548 ; debounce:u_debounce_wr|counter[4]  ; debounce:u_debounce_wr|counter[2]  ; CLOCK_50     ; CLOCK_50    ; 1.000        ; -0.510     ; 4.036      ;
; -3.548 ; debounce:u_debounce_wr|counter[4]  ; debounce:u_debounce_wr|counter[9]  ; CLOCK_50     ; CLOCK_50    ; 1.000        ; -0.510     ; 4.036      ;
; -3.536 ; debounce:u_debounce_wr|counter[0]  ; debounce:u_debounce_wr|counter[10] ; CLOCK_50     ; CLOCK_50    ; 1.000        ; -0.516     ; 4.018      ;
; -3.536 ; debounce:u_debounce_wr|counter[0]  ; debounce:u_debounce_wr|counter[11] ; CLOCK_50     ; CLOCK_50    ; 1.000        ; -0.516     ; 4.018      ;
; -3.536 ; debounce:u_debounce_wr|counter[0]  ; debounce:u_debounce_wr|counter[12] ; CLOCK_50     ; CLOCK_50    ; 1.000        ; -0.516     ; 4.018      ;
; -3.536 ; debounce:u_debounce_wr|counter[0]  ; debounce:u_debounce_wr|counter[14] ; CLOCK_50     ; CLOCK_50    ; 1.000        ; -0.516     ; 4.018      ;
; -3.535 ; debounce:u_debounce_rd|counter[10] ; debounce:u_debounce_rd|counter[9]  ; CLOCK_50     ; CLOCK_50    ; 1.000        ; -0.079     ; 4.454      ;
; -3.511 ; debounce:u_debounce_wr|counter[9]  ; debounce:u_debounce_wr|counter[0]  ; CLOCK_50     ; CLOCK_50    ; 1.000        ; 0.334      ; 4.843      ;
; -3.511 ; debounce:u_debounce_wr|counter[9]  ; debounce:u_debounce_wr|counter[1]  ; CLOCK_50     ; CLOCK_50    ; 1.000        ; 0.334      ; 4.843      ;
; -3.511 ; debounce:u_debounce_wr|counter[9]  ; debounce:u_debounce_wr|counter[3]  ; CLOCK_50     ; CLOCK_50    ; 1.000        ; 0.334      ; 4.843      ;
; -3.511 ; debounce:u_debounce_wr|counter[9]  ; debounce:u_debounce_wr|counter[4]  ; CLOCK_50     ; CLOCK_50    ; 1.000        ; 0.334      ; 4.843      ;
; -3.511 ; debounce:u_debounce_wr|counter[9]  ; debounce:u_debounce_wr|counter[5]  ; CLOCK_50     ; CLOCK_50    ; 1.000        ; 0.334      ; 4.843      ;
; -3.511 ; debounce:u_debounce_wr|counter[9]  ; debounce:u_debounce_wr|counter[6]  ; CLOCK_50     ; CLOCK_50    ; 1.000        ; 0.334      ; 4.843      ;
; -3.511 ; debounce:u_debounce_wr|counter[9]  ; debounce:u_debounce_wr|counter[7]  ; CLOCK_50     ; CLOCK_50    ; 1.000        ; 0.334      ; 4.843      ;
; -3.511 ; debounce:u_debounce_wr|counter[9]  ; debounce:u_debounce_wr|counter[8]  ; CLOCK_50     ; CLOCK_50    ; 1.000        ; 0.334      ; 4.843      ;
; -3.503 ; debounce:u_debounce_rst|counter[9] ; debounce:u_debounce_rst|counter[0] ; CLOCK_50     ; CLOCK_50    ; 1.000        ; -0.080     ; 4.421      ;
; -3.503 ; debounce:u_debounce_rst|counter[9] ; debounce:u_debounce_rst|counter[3] ; CLOCK_50     ; CLOCK_50    ; 1.000        ; -0.080     ; 4.421      ;
; -3.503 ; debounce:u_debounce_rst|counter[9] ; debounce:u_debounce_rst|counter[8] ; CLOCK_50     ; CLOCK_50    ; 1.000        ; -0.080     ; 4.421      ;
; -3.503 ; debounce:u_debounce_rst|counter[9] ; debounce:u_debounce_rst|counter[9] ; CLOCK_50     ; CLOCK_50    ; 1.000        ; -0.080     ; 4.421      ;
; -3.502 ; debounce:u_debounce_wr|counter[11] ; debounce:u_debounce_wr|counter[0]  ; CLOCK_50     ; CLOCK_50    ; 1.000        ; 0.339      ; 4.839      ;
; -3.502 ; debounce:u_debounce_wr|counter[11] ; debounce:u_debounce_wr|counter[1]  ; CLOCK_50     ; CLOCK_50    ; 1.000        ; 0.339      ; 4.839      ;
; -3.502 ; debounce:u_debounce_wr|counter[11] ; debounce:u_debounce_wr|counter[3]  ; CLOCK_50     ; CLOCK_50    ; 1.000        ; 0.339      ; 4.839      ;
; -3.502 ; debounce:u_debounce_wr|counter[11] ; debounce:u_debounce_wr|counter[4]  ; CLOCK_50     ; CLOCK_50    ; 1.000        ; 0.339      ; 4.839      ;
; -3.502 ; debounce:u_debounce_wr|counter[11] ; debounce:u_debounce_wr|counter[5]  ; CLOCK_50     ; CLOCK_50    ; 1.000        ; 0.339      ; 4.839      ;
; -3.502 ; debounce:u_debounce_wr|counter[11] ; debounce:u_debounce_wr|counter[6]  ; CLOCK_50     ; CLOCK_50    ; 1.000        ; 0.339      ; 4.839      ;
; -3.502 ; debounce:u_debounce_wr|counter[11] ; debounce:u_debounce_wr|counter[7]  ; CLOCK_50     ; CLOCK_50    ; 1.000        ; 0.339      ; 4.839      ;
; -3.502 ; debounce:u_debounce_wr|counter[11] ; debounce:u_debounce_wr|counter[8]  ; CLOCK_50     ; CLOCK_50    ; 1.000        ; 0.339      ; 4.839      ;
; -3.466 ; debounce:u_debounce_rd|counter[3]  ; debounce:u_debounce_rd|counter[0]  ; CLOCK_50     ; CLOCK_50    ; 1.000        ; -0.097     ; 4.367      ;
; -3.466 ; debounce:u_debounce_rd|counter[3]  ; debounce:u_debounce_rd|counter[1]  ; CLOCK_50     ; CLOCK_50    ; 1.000        ; -0.097     ; 4.367      ;
; -3.466 ; debounce:u_debounce_rd|counter[3]  ; debounce:u_debounce_rd|counter[2]  ; CLOCK_50     ; CLOCK_50    ; 1.000        ; -0.097     ; 4.367      ;
; -3.466 ; debounce:u_debounce_rd|counter[3]  ; debounce:u_debounce_rd|counter[3]  ; CLOCK_50     ; CLOCK_50    ; 1.000        ; -0.097     ; 4.367      ;
; -3.466 ; debounce:u_debounce_rd|counter[3]  ; debounce:u_debounce_rd|counter[4]  ; CLOCK_50     ; CLOCK_50    ; 1.000        ; -0.097     ; 4.367      ;
; -3.466 ; debounce:u_debounce_rd|counter[3]  ; debounce:u_debounce_rd|counter[5]  ; CLOCK_50     ; CLOCK_50    ; 1.000        ; -0.097     ; 4.367      ;
; -3.466 ; debounce:u_debounce_rd|counter[3]  ; debounce:u_debounce_rd|counter[6]  ; CLOCK_50     ; CLOCK_50    ; 1.000        ; -0.097     ; 4.367      ;
; -3.466 ; debounce:u_debounce_rd|counter[3]  ; debounce:u_debounce_rd|counter[7]  ; CLOCK_50     ; CLOCK_50    ; 1.000        ; -0.097     ; 4.367      ;
; -3.466 ; debounce:u_debounce_rd|counter[3]  ; debounce:u_debounce_rd|counter[8]  ; CLOCK_50     ; CLOCK_50    ; 1.000        ; -0.097     ; 4.367      ;
; -3.463 ; debounce:u_debounce_rd|counter[0]  ; debounce:u_debounce_rd|counter[0]  ; CLOCK_50     ; CLOCK_50    ; 1.000        ; -0.097     ; 4.364      ;
; -3.463 ; debounce:u_debounce_rd|counter[0]  ; debounce:u_debounce_rd|counter[1]  ; CLOCK_50     ; CLOCK_50    ; 1.000        ; -0.097     ; 4.364      ;
; -3.463 ; debounce:u_debounce_rd|counter[0]  ; debounce:u_debounce_rd|counter[2]  ; CLOCK_50     ; CLOCK_50    ; 1.000        ; -0.097     ; 4.364      ;
; -3.463 ; debounce:u_debounce_rd|counter[0]  ; debounce:u_debounce_rd|counter[3]  ; CLOCK_50     ; CLOCK_50    ; 1.000        ; -0.097     ; 4.364      ;
; -3.463 ; debounce:u_debounce_rd|counter[0]  ; debounce:u_debounce_rd|counter[4]  ; CLOCK_50     ; CLOCK_50    ; 1.000        ; -0.097     ; 4.364      ;
; -3.463 ; debounce:u_debounce_rd|counter[0]  ; debounce:u_debounce_rd|counter[5]  ; CLOCK_50     ; CLOCK_50    ; 1.000        ; -0.097     ; 4.364      ;
; -3.463 ; debounce:u_debounce_rd|counter[0]  ; debounce:u_debounce_rd|counter[6]  ; CLOCK_50     ; CLOCK_50    ; 1.000        ; -0.097     ; 4.364      ;
; -3.463 ; debounce:u_debounce_rd|counter[0]  ; debounce:u_debounce_rd|counter[7]  ; CLOCK_50     ; CLOCK_50    ; 1.000        ; -0.097     ; 4.364      ;
; -3.463 ; debounce:u_debounce_rd|counter[0]  ; debounce:u_debounce_rd|counter[8]  ; CLOCK_50     ; CLOCK_50    ; 1.000        ; -0.097     ; 4.364      ;
; -3.460 ; debounce:u_debounce_wr|counter[9]  ; debounce:u_debounce_wr|counter[10] ; CLOCK_50     ; CLOCK_50    ; 1.000        ; -0.085     ; 4.373      ;
; -3.460 ; debounce:u_debounce_wr|counter[9]  ; debounce:u_debounce_wr|counter[11] ; CLOCK_50     ; CLOCK_50    ; 1.000        ; -0.085     ; 4.373      ;
; -3.460 ; debounce:u_debounce_wr|counter[9]  ; debounce:u_debounce_wr|counter[12] ; CLOCK_50     ; CLOCK_50    ; 1.000        ; -0.085     ; 4.373      ;
+--------+------------------------------------+------------------------------------+--------------+-------------+--------------+------------+------------+


+---------------------------------------------------------------------------------------------------------------------------------------------------------+
; Slow 1200mV 85C Model Hold: 'CLOCK_50'                                                                                                                  ;
+-------+-------------------------------------+-------------------------------------+--------------+-------------+--------------+------------+------------+
; Slack ; From Node                           ; To Node                             ; Launch Clock ; Latch Clock ; Relationship ; Clock Skew ; Data Delay ;
+-------+-------------------------------------+-------------------------------------+--------------+-------------+--------------+------------+------------+
; 0.403 ; debounce:u_debounce_wr|btn_out      ; debounce:u_debounce_wr|btn_out      ; CLOCK_50     ; CLOCK_50    ; 0.000        ; 0.080      ; 0.669      ;
; 0.403 ; debounce:u_debounce_rst|btn_out     ; debounce:u_debounce_rst|btn_out     ; CLOCK_50     ; CLOCK_50    ; 0.000        ; 0.080      ; 0.669      ;
; 0.404 ; debounce:u_debounce_rd|btn_out      ; debounce:u_debounce_rd|btn_out      ; CLOCK_50     ; CLOCK_50    ; 0.000        ; 0.079      ; 0.669      ;
; 0.405 ; sync_fifo:u_fifo|rd_ptr[0]          ; sync_fifo:u_fifo|rd_ptr[0]          ; CLOCK_50     ; CLOCK_50    ; 0.000        ; 0.078      ; 0.669      ;
; 0.405 ; sync_fifo:u_fifo|rd_ptr[1]          ; sync_fifo:u_fifo|rd_ptr[1]          ; CLOCK_50     ; CLOCK_50    ; 0.000        ; 0.078      ; 0.669      ;
; 0.405 ; sync_fifo:u_fifo|rd_ptr[2]          ; sync_fifo:u_fifo|rd_ptr[2]          ; CLOCK_50     ; CLOCK_50    ; 0.000        ; 0.078      ; 0.669      ;
; 0.405 ; sync_fifo:u_fifo|rd_ptr[3]          ; sync_fifo:u_fifo|rd_ptr[3]          ; CLOCK_50     ; CLOCK_50    ; 0.000        ; 0.078      ; 0.669      ;
; 0.405 ; sync_fifo:u_fifo|wr_ptr[1]          ; sync_fifo:u_fifo|wr_ptr[1]          ; CLOCK_50     ; CLOCK_50    ; 0.000        ; 0.078      ; 0.669      ;
; 0.405 ; sync_fifo:u_fifo|wr_ptr[3]          ; sync_fifo:u_fifo|wr_ptr[3]          ; CLOCK_50     ; CLOCK_50    ; 0.000        ; 0.078      ; 0.669      ;
; 0.405 ; sync_fifo:u_fifo|wr_ptr[2]          ; sync_fifo:u_fifo|wr_ptr[2]          ; CLOCK_50     ; CLOCK_50    ; 0.000        ; 0.078      ; 0.669      ;
; 0.405 ; sync_fifo:u_fifo|wr_ptr[0]          ; sync_fifo:u_fifo|wr_ptr[0]          ; CLOCK_50     ; CLOCK_50    ; 0.000        ; 0.078      ; 0.669      ;
; 0.411 ; debounce:u_debounce_wr|counter[19]  ; debounce:u_debounce_wr|counter[19]  ; CLOCK_50     ; CLOCK_50    ; 0.000        ; 0.097      ; 0.694      ;
; 0.412 ; debounce:u_debounce_rd|counter[19]  ; debounce:u_debounce_rd|counter[19]  ; CLOCK_50     ; CLOCK_50    ; 0.000        ; 0.096      ; 0.694      ;
; 0.530 ; debounce:u_debounce_rst|counter[3]  ; debounce:u_debounce_rst|counter[4]  ; CLOCK_50     ; CLOCK_50    ; 0.000        ; 0.511      ; 1.227      ;
; 0.540 ; debounce:u_debounce_rst|counter[0]  ; debounce:u_debounce_rst|counter[1]  ; CLOCK_50     ; CLOCK_50    ; 0.000        ; 0.511      ; 1.237      ;
; 0.545 ; debounce:u_debounce_wr|counter[2]   ; debounce:u_debounce_wr|counter[3]   ; CLOCK_50     ; CLOCK_50    ; 0.000        ; 0.510      ; 1.241      ;
; 0.545 ; debounce:u_debounce_rst|counter[0]  ; debounce:u_debounce_rst|counter[2]  ; CLOCK_50     ; CLOCK_50    ; 0.000        ; 0.511      ; 1.242      ;
; 0.550 ; debounce:u_debounce_wr|counter[2]   ; debounce:u_debounce_wr|counter[4]   ; CLOCK_50     ; CLOCK_50    ; 0.000        ; 0.510      ; 1.246      ;
; 0.574 ; debounce:u_debounce_wr|counter[14]  ; debounce:u_debounce_wr|counter[15]  ; CLOCK_50     ; CLOCK_50    ; 0.000        ; 0.510      ; 1.270      ;
; 0.575 ; debounce:u_debounce_rd|counter[14]  ; debounce:u_debounce_rd|counter[15]  ; CLOCK_50     ; CLOCK_50    ; 0.000        ; 0.509      ; 1.270      ;
; 0.579 ; debounce:u_debounce_wr|counter[14]  ; debounce:u_debounce_wr|counter[16]  ; CLOCK_50     ; CLOCK_50    ; 0.000        ; 0.510      ; 1.275      ;
; 0.580 ; debounce:u_debounce_rd|counter[14]  ; debounce:u_debounce_rd|counter[16]  ; CLOCK_50     ; CLOCK_50    ; 0.000        ; 0.509      ; 1.275      ;
; 0.622 ; debounce:u_debounce_rst|counter[7]  ; debounce:u_debounce_rst|counter[7]  ; CLOCK_50     ; CLOCK_50    ; 0.000        ; 0.098      ; 0.906      ;
; 0.623 ; debounce:u_debounce_wr|counter[7]   ; debounce:u_debounce_wr|counter[7]   ; CLOCK_50     ; CLOCK_50    ; 0.000        ; 0.097      ; 0.906      ;
; 0.623 ; debounce:u_debounce_rd|counter[7]   ; debounce:u_debounce_rd|counter[7]   ; CLOCK_50     ; CLOCK_50    ; 0.000        ; 0.097      ; 0.906      ;
; 0.623 ; debounce:u_debounce_rst|counter[5]  ; debounce:u_debounce_rst|counter[5]  ; CLOCK_50     ; CLOCK_50    ; 0.000        ; 0.098      ; 0.907      ;
; 0.624 ; debounce:u_debounce_wr|counter[5]   ; debounce:u_debounce_wr|counter[5]   ; CLOCK_50     ; CLOCK_50    ; 0.000        ; 0.097      ; 0.907      ;
; 0.624 ; debounce:u_debounce_wr|counter[13]  ; debounce:u_debounce_wr|counter[13]  ; CLOCK_50     ; CLOCK_50    ; 0.000        ; 0.097      ; 0.907      ;
; 0.624 ; debounce:u_debounce_rd|counter[5]   ; debounce:u_debounce_rd|counter[5]   ; CLOCK_50     ; CLOCK_50    ; 0.000        ; 0.097      ; 0.907      ;
; 0.625 ; debounce:u_debounce_rd|counter[13]  ; debounce:u_debounce_rd|counter[13]  ; CLOCK_50     ; CLOCK_50    ; 0.000        ; 0.096      ; 0.907      ;
; 0.627 ; debounce:u_debounce_rd|counter[3]   ; debounce:u_debounce_rd|counter[3]   ; CLOCK_50     ; CLOCK_50    ; 0.000        ; 0.097      ; 0.910      ;
; 0.627 ; debounce:u_debounce_rst|counter[1]  ; debounce:u_debounce_rst|counter[1]  ; CLOCK_50     ; CLOCK_50    ; 0.000        ; 0.098      ; 0.911      ;
; 0.627 ; debounce:u_debounce_wr|counter[3]   ; debounce:u_debounce_wr|counter[3]   ; CLOCK_50     ; CLOCK_50    ; 0.000        ; 0.097      ; 0.910      ;
; 0.628 ; debounce:u_debounce_wr|counter[1]   ; debounce:u_debounce_wr|counter[1]   ; CLOCK_50     ; CLOCK_50    ; 0.000        ; 0.097      ; 0.911      ;
; 0.628 ; debounce:u_debounce_rd|counter[1]   ; debounce:u_debounce_rd|counter[1]   ; CLOCK_50     ; CLOCK_50    ; 0.000        ; 0.097      ; 0.911      ;
; 0.628 ; debounce:u_debounce_rst|counter[6]  ; debounce:u_debounce_rst|counter[6]  ; CLOCK_50     ; CLOCK_50    ; 0.000        ; 0.098      ; 0.912      ;
; 0.628 ; debounce:u_debounce_wr|counter[16]  ; debounce:u_debounce_wr|counter[16]  ; CLOCK_50     ; CLOCK_50    ; 0.000        ; 0.097      ; 0.911      ;
; 0.629 ; debounce:u_debounce_wr|counter[6]   ; debounce:u_debounce_wr|counter[6]   ; CLOCK_50     ; CLOCK_50    ; 0.000        ; 0.097      ; 0.912      ;
; 0.629 ; debounce:u_debounce_wr|counter[17]  ; debounce:u_debounce_wr|counter[17]  ; CLOCK_50     ; CLOCK_50    ; 0.000        ; 0.097      ; 0.912      ;
; 0.629 ; debounce:u_debounce_rd|counter[6]   ; debounce:u_debounce_rd|counter[6]   ; CLOCK_50     ; CLOCK_50    ; 0.000        ; 0.097      ; 0.912      ;
; 0.629 ; debounce:u_debounce_rst|counter[2]  ; debounce:u_debounce_rst|counter[2]  ; CLOCK_50     ; CLOCK_50    ; 0.000        ; 0.098      ; 0.913      ;
; 0.629 ; debounce:u_debounce_rd|counter[16]  ; debounce:u_debounce_rd|counter[16]  ; CLOCK_50     ; CLOCK_50    ; 0.000        ; 0.096      ; 0.911      ;
; 0.630 ; debounce:u_debounce_rd|counter[2]   ; debounce:u_debounce_rd|counter[2]   ; CLOCK_50     ; CLOCK_50    ; 0.000        ; 0.097      ; 0.913      ;
; 0.630 ; debounce:u_debounce_rd|counter[17]  ; debounce:u_debounce_rd|counter[17]  ; CLOCK_50     ; CLOCK_50    ; 0.000        ; 0.096      ; 0.912      ;
; 0.632 ; debounce:u_debounce_wr|counter[18]  ; debounce:u_debounce_wr|counter[18]  ; CLOCK_50     ; CLOCK_50    ; 0.000        ; 0.097      ; 0.915      ;
; 0.633 ; debounce:u_debounce_rd|counter[18]  ; debounce:u_debounce_rd|counter[18]  ; CLOCK_50     ; CLOCK_50    ; 0.000        ; 0.096      ; 0.915      ;
; 0.638 ; debounce:u_debounce_wr|btn_sync_0   ; debounce:u_debounce_wr|btn_sync_1   ; CLOCK_50     ; CLOCK_50    ; 0.000        ; 0.080      ; 0.904      ;
; 0.642 ; debounce:u_debounce_wr|counter[11]  ; debounce:u_debounce_wr|counter[11]  ; CLOCK_50     ; CLOCK_50    ; 0.000        ; 0.080      ; 0.908      ;
; 0.642 ; debounce:u_debounce_rst|counter[11] ; debounce:u_debounce_rst|counter[11] ; CLOCK_50     ; CLOCK_50    ; 0.000        ; 0.080      ; 0.908      ;
; 0.642 ; debounce:u_debounce_rst|counter[15] ; debounce:u_debounce_rst|counter[15] ; CLOCK_50     ; CLOCK_50    ; 0.000        ; 0.080      ; 0.908      ;
; 0.643 ; debounce:u_debounce_rst|counter[4]  ; debounce:u_debounce_rst|counter[4]  ; CLOCK_50     ; CLOCK_50    ; 0.000        ; 0.098      ; 0.927      ;
; 0.644 ; debounce:u_debounce_wr|counter[8]   ; debounce:u_debounce_wr|counter[8]   ; CLOCK_50     ; CLOCK_50    ; 0.000        ; 0.097      ; 0.927      ;
; 0.644 ; debounce:u_debounce_rd|counter[4]   ; debounce:u_debounce_rd|counter[4]   ; CLOCK_50     ; CLOCK_50    ; 0.000        ; 0.097      ; 0.927      ;
; 0.644 ; debounce:u_debounce_rd|counter[8]   ; debounce:u_debounce_rd|counter[8]   ; CLOCK_50     ; CLOCK_50    ; 0.000        ; 0.097      ; 0.927      ;
; 0.644 ; debounce:u_debounce_rst|counter[3]  ; debounce:u_debounce_rst|counter[3]  ; CLOCK_50     ; CLOCK_50    ; 0.000        ; 0.080      ; 0.910      ;
; 0.644 ; debounce:u_debounce_wr|counter[4]   ; debounce:u_debounce_wr|counter[4]   ; CLOCK_50     ; CLOCK_50    ; 0.000        ; 0.097      ; 0.927      ;
; 0.645 ; debounce:u_debounce_wr|counter[10]  ; debounce:u_debounce_wr|counter[10]  ; CLOCK_50     ; CLOCK_50    ; 0.000        ; 0.080      ; 0.911      ;
; 0.645 ; debounce:u_debounce_rst|counter[10] ; debounce:u_debounce_rst|counter[10] ; CLOCK_50     ; CLOCK_50    ; 0.000        ; 0.080      ; 0.911      ;
; 0.645 ; debounce:u_debounce_rst|counter[16] ; debounce:u_debounce_rst|counter[16] ; CLOCK_50     ; CLOCK_50    ; 0.000        ; 0.080      ; 0.911      ;
; 0.646 ; debounce:u_debounce_wr|counter[0]   ; debounce:u_debounce_wr|counter[0]   ; CLOCK_50     ; CLOCK_50    ; 0.000        ; 0.097      ; 0.929      ;
; 0.646 ; debounce:u_debounce_rd|counter[0]   ; debounce:u_debounce_rd|counter[0]   ; CLOCK_50     ; CLOCK_50    ; 0.000        ; 0.097      ; 0.929      ;
; 0.646 ; debounce:u_debounce_rd|counter[10]  ; debounce:u_debounce_rd|counter[10]  ; CLOCK_50     ; CLOCK_50    ; 0.000        ; 0.079      ; 0.911      ;
; 0.646 ; debounce:u_debounce_rst|counter[12] ; debounce:u_debounce_rst|counter[12] ; CLOCK_50     ; CLOCK_50    ; 0.000        ; 0.080      ; 0.912      ;
; 0.646 ; debounce:u_debounce_rst|counter[17] ; debounce:u_debounce_rst|counter[17] ; CLOCK_50     ; CLOCK_50    ; 0.000        ; 0.080      ; 0.912      ;
; 0.649 ; debounce:u_debounce_wr|counter[2]   ; debounce:u_debounce_wr|counter[2]   ; CLOCK_50     ; CLOCK_50    ; 0.000        ; 0.079      ; 0.914      ;
; 0.649 ; debounce:u_debounce_rst|counter[18] ; debounce:u_debounce_rst|counter[18] ; CLOCK_50     ; CLOCK_50    ; 0.000        ; 0.080      ; 0.915      ;
; 0.650 ; debounce:u_debounce_wr|counter[11]  ; debounce:u_debounce_wr|counter[13]  ; CLOCK_50     ; CLOCK_50    ; 0.000        ; 0.510      ; 1.346      ;
; 0.651 ; debounce:u_debounce_rst|counter[3]  ; debounce:u_debounce_rst|counter[5]  ; CLOCK_50     ; CLOCK_50    ; 0.000        ; 0.511      ; 1.348      ;
; 0.655 ; debounce:u_debounce_rst|counter[9]  ; debounce:u_debounce_rst|counter[9]  ; CLOCK_50     ; CLOCK_50    ; 0.000        ; 0.080      ; 0.921      ;
; 0.656 ; debounce:u_debounce_wr|counter[9]   ; debounce:u_debounce_wr|counter[9]   ; CLOCK_50     ; CLOCK_50    ; 0.000        ; 0.079      ; 0.921      ;
; 0.656 ; debounce:u_debounce_rst|counter[3]  ; debounce:u_debounce_rst|counter[6]  ; CLOCK_50     ; CLOCK_50    ; 0.000        ; 0.511      ; 1.353      ;
; 0.661 ; debounce:u_debounce_rst|counter[8]  ; debounce:u_debounce_rst|counter[8]  ; CLOCK_50     ; CLOCK_50    ; 0.000        ; 0.080      ; 0.927      ;
; 0.663 ; debounce:u_debounce_rst|counter[0]  ; debounce:u_debounce_rst|counter[0]  ; CLOCK_50     ; CLOCK_50    ; 0.000        ; 0.080      ; 0.929      ;
; 0.668 ; debounce:u_debounce_wr|counter[10]  ; debounce:u_debounce_wr|counter[13]  ; CLOCK_50     ; CLOCK_50    ; 0.000        ; 0.510      ; 1.364      ;
; 0.669 ; debounce:u_debounce_rd|counter[10]  ; debounce:u_debounce_rd|counter[13]  ; CLOCK_50     ; CLOCK_50    ; 0.000        ; 0.509      ; 1.364      ;
; 0.671 ; debounce:u_debounce_rst|counter[0]  ; debounce:u_debounce_rst|counter[4]  ; CLOCK_50     ; CLOCK_50    ; 0.000        ; 0.511      ; 1.368      ;
; 0.671 ; debounce:u_debounce_wr|counter[2]   ; debounce:u_debounce_wr|counter[5]   ; CLOCK_50     ; CLOCK_50    ; 0.000        ; 0.510      ; 1.367      ;
; 0.676 ; debounce:u_debounce_wr|counter[2]   ; debounce:u_debounce_wr|counter[6]   ; CLOCK_50     ; CLOCK_50    ; 0.000        ; 0.510      ; 1.372      ;
; 0.677 ; debounce:u_debounce_wr|counter[14]  ; debounce:u_debounce_wr|counter[14]  ; CLOCK_50     ; CLOCK_50    ; 0.000        ; 0.080      ; 0.943      ;
; 0.677 ; debounce:u_debounce_rst|counter[14] ; debounce:u_debounce_rst|counter[14] ; CLOCK_50     ; CLOCK_50    ; 0.000        ; 0.080      ; 0.943      ;
; 0.678 ; debounce:u_debounce_rd|counter[14]  ; debounce:u_debounce_rd|counter[14]  ; CLOCK_50     ; CLOCK_50    ; 0.000        ; 0.079      ; 0.943      ;
; 0.685 ; debounce:u_debounce_rst|btn_sync_1  ; debounce:u_debounce_rst|btn_out     ; CLOCK_50     ; CLOCK_50    ; 0.000        ; 0.080      ; 0.951      ;
; 0.687 ; debounce:u_debounce_rd|btn_sync_0   ; debounce:u_debounce_rd|btn_sync_1   ; CLOCK_50     ; CLOCK_50    ; 0.000        ; 0.079      ; 0.952      ;
; 0.695 ; sync_fifo:u_fifo|rd_ptr[0]          ; sync_fifo:u_fifo|rd_ptr[1]          ; CLOCK_50     ; CLOCK_50    ; 0.000        ; 0.078      ; 0.959      ;
; 0.700 ; debounce:u_debounce_wr|counter[14]  ; debounce:u_debounce_wr|counter[17]  ; CLOCK_50     ; CLOCK_50    ; 0.000        ; 0.510      ; 1.396      ;
; 0.701 ; debounce:u_debounce_wr|counter[12]  ; debounce:u_debounce_wr|counter[13]  ; CLOCK_50     ; CLOCK_50    ; 0.000        ; 0.510      ; 1.397      ;
; 0.701 ; debounce:u_debounce_rd|counter[14]  ; debounce:u_debounce_rd|counter[17]  ; CLOCK_50     ; CLOCK_50    ; 0.000        ; 0.509      ; 1.396      ;
; 0.705 ; debounce:u_debounce_rd|btn_sync_1   ; debounce:u_debounce_rd|btn_out      ; CLOCK_50     ; CLOCK_50    ; 0.000        ; 0.079      ; 0.970      ;
; 0.705 ; debounce:u_debounce_wr|counter[14]  ; debounce:u_debounce_wr|counter[18]  ; CLOCK_50     ; CLOCK_50    ; 0.000        ; 0.510      ; 1.401      ;
; 0.706 ; debounce:u_debounce_wr|btn_sync_1   ; debounce:u_debounce_wr|btn_out      ; CLOCK_50     ; CLOCK_50    ; 0.000        ; 0.080      ; 0.972      ;
; 0.706 ; debounce:u_debounce_rd|counter[14]  ; debounce:u_debounce_rd|counter[18]  ; CLOCK_50     ; CLOCK_50    ; 0.000        ; 0.509      ; 1.401      ;
; 0.716 ; debounce:u_debounce_rd|counter[12]  ; debounce:u_debounce_rd|counter[13]  ; CLOCK_50     ; CLOCK_50    ; 0.000        ; 0.509      ; 1.411      ;
; 0.726 ; sync_fifo:u_fifo|rd_ptr[2]          ; displayed_data[4]                   ; CLOCK_50     ; CLOCK_50    ; 0.000        ; 0.078      ; 0.990      ;
; 0.727 ; sync_fifo:u_fifo|rd_ptr[2]          ; displayed_data[6]                   ; CLOCK_50     ; CLOCK_50    ; 0.000        ; 0.078      ; 0.991      ;
; 0.727 ; sync_fifo:u_fifo|rd_ptr[2]          ; displayed_data[1]                   ; CLOCK_50     ; CLOCK_50    ; 0.000        ; 0.078      ; 0.991      ;
; 0.755 ; sync_fifo:u_fifo|rd_ptr[2]          ; displayed_data[7]                   ; CLOCK_50     ; CLOCK_50    ; 0.000        ; 0.078      ; 1.019      ;
; 0.756 ; sync_fifo:u_fifo|rd_ptr[2]          ; displayed_data[5]                   ; CLOCK_50     ; CLOCK_50    ; 0.000        ; 0.078      ; 1.020      ;
; 0.776 ; debounce:u_debounce_wr|counter[11]  ; debounce:u_debounce_wr|counter[15]  ; CLOCK_50     ; CLOCK_50    ; 0.000        ; 0.510      ; 1.472      ;
; 0.777 ; debounce:u_debounce_rst|counter[3]  ; debounce:u_debounce_rst|counter[7]  ; CLOCK_50     ; CLOCK_50    ; 0.000        ; 0.511      ; 1.474      ;
; 0.781 ; debounce:u_debounce_wr|counter[11]  ; debounce:u_debounce_wr|counter[16]  ; CLOCK_50     ; CLOCK_50    ; 0.000        ; 0.510      ; 1.477      ;
+-------+-------------------------------------+-------------------------------------+--------------+-------------+--------------+------------+------------+


-----------------------------------------------
; Slow 1200mV 85C Model Metastability Summary ;
-----------------------------------------------
Design MTBF is not calculated because the design doesn't meet its timing requirements.



+--------------------------------------------------+
; Slow 1200mV 0C Model Fmax Summary                ;
+------------+-----------------+------------+------+
; Fmax       ; Restricted Fmax ; Clock Name ; Note ;
+------------+-----------------+------------+------+
; 215.19 MHz ; 215.19 MHz      ; CLOCK_50   ;      ;
+------------+-----------------+------------+------+
This panel reports FMAX for every clock in the design, regardless of the user-specified clock periods.  FMAX is only computed for paths where the source and destination registers or ports are driven by the same clock.  Paths of different clocks, including generated clocks, are ignored.  For paths between a clock and its inversion, FMAX is computed as if the rising and falling edges are scaled along with FMAX, such that the duty cycle (in terms of a percentage) is maintained. Altera recommends that you always use clock constraints and other slack reports for sign-off analysis.


+------------------------------------+
; Slow 1200mV 0C Model Setup Summary ;
+----------+--------+----------------+
; Clock    ; Slack  ; End Point TNS  ;
+----------+--------+----------------+
; CLOCK_50 ; -3.647 ; -402.707       ;
+----------+--------+----------------+


+-----------------------------------+
; Slow 1200mV 0C Model Hold Summary ;
+----------+-------+----------------+
; Clock    ; Slack ; End Point TNS  ;
+----------+-------+----------------+
; CLOCK_50 ; 0.354 ; 0.000          ;
+----------+-------+----------------+


-----------------------------------------
; Slow 1200mV 0C Model Recovery Summary ;
-----------------------------------------
No paths to report.


----------------------------------------
; Slow 1200mV 0C Model Removal Summary ;
----------------------------------------
No paths to report.


+--------------------------------------------------+
; Slow 1200mV 0C Model Minimum Pulse Width Summary ;
+----------+--------+------------------------------+
; Clock    ; Slack  ; End Point TNS                ;
+----------+--------+------------------------------+
; CLOCK_50 ; -3.000 ; -197.035                     ;
+----------+--------+------------------------------+


+--------------------------------------------------------------------------------------------------------------------------------------------------------+
; Slow 1200mV 0C Model Setup: 'CLOCK_50'                                                                                                                 ;
+--------+------------------------------------+------------------------------------+--------------+-------------+--------------+------------+------------+
; Slack  ; From Node                          ; To Node                            ; Launch Clock ; Latch Clock ; Relationship ; Clock Skew ; Data Delay ;
+--------+------------------------------------+------------------------------------+--------------+-------------+--------------+------------+------------+
; -3.647 ; debounce:u_debounce_wr|counter[12] ; debounce:u_debounce_wr|counter[2]  ; CLOCK_50     ; CLOCK_50    ; 1.000        ; -0.064     ; 4.582      ;
; -3.647 ; debounce:u_debounce_wr|counter[12] ; debounce:u_debounce_wr|counter[9]  ; CLOCK_50     ; CLOCK_50    ; 1.000        ; -0.064     ; 4.582      ;
; -3.581 ; debounce:u_debounce_wr|counter[0]  ; debounce:u_debounce_wr|counter[2]  ; CLOCK_50     ; CLOCK_50    ; 1.000        ; -0.466     ; 4.114      ;
; -3.581 ; debounce:u_debounce_wr|counter[0]  ; debounce:u_debounce_wr|counter[9]  ; CLOCK_50     ; CLOCK_50    ; 1.000        ; -0.466     ; 4.114      ;
; -3.526 ; debounce:u_debounce_wr|counter[9]  ; debounce:u_debounce_wr|counter[2]  ; CLOCK_50     ; CLOCK_50    ; 1.000        ; -0.071     ; 4.454      ;
; -3.526 ; debounce:u_debounce_wr|counter[9]  ; debounce:u_debounce_wr|counter[9]  ; CLOCK_50     ; CLOCK_50    ; 1.000        ; -0.071     ; 4.454      ;
; -3.513 ; debounce:u_debounce_wr|counter[11] ; debounce:u_debounce_wr|counter[2]  ; CLOCK_50     ; CLOCK_50    ; 1.000        ; -0.064     ; 4.448      ;
; -3.513 ; debounce:u_debounce_wr|counter[11] ; debounce:u_debounce_wr|counter[9]  ; CLOCK_50     ; CLOCK_50    ; 1.000        ; -0.064     ; 4.448      ;
; -3.445 ; debounce:u_debounce_wr|counter[1]  ; debounce:u_debounce_wr|counter[2]  ; CLOCK_50     ; CLOCK_50    ; 1.000        ; -0.466     ; 3.978      ;
; -3.445 ; debounce:u_debounce_wr|counter[1]  ; debounce:u_debounce_wr|counter[9]  ; CLOCK_50     ; CLOCK_50    ; 1.000        ; -0.466     ; 3.978      ;
; -3.337 ; debounce:u_debounce_wr|counter[3]  ; debounce:u_debounce_wr|counter[2]  ; CLOCK_50     ; CLOCK_50    ; 1.000        ; -0.466     ; 3.870      ;
; -3.337 ; debounce:u_debounce_wr|counter[3]  ; debounce:u_debounce_wr|counter[9]  ; CLOCK_50     ; CLOCK_50    ; 1.000        ; -0.466     ; 3.870      ;
; -3.335 ; debounce:u_debounce_rd|counter[11] ; debounce:u_debounce_rd|counter[9]  ; CLOCK_50     ; CLOCK_50    ; 1.000        ; -0.070     ; 4.264      ;
; -3.268 ; debounce:u_debounce_wr|counter[12] ; debounce:u_debounce_wr|counter[0]  ; CLOCK_50     ; CLOCK_50    ; 1.000        ; 0.315      ; 4.582      ;
; -3.268 ; debounce:u_debounce_wr|counter[12] ; debounce:u_debounce_wr|counter[1]  ; CLOCK_50     ; CLOCK_50    ; 1.000        ; 0.315      ; 4.582      ;
; -3.268 ; debounce:u_debounce_wr|counter[12] ; debounce:u_debounce_wr|counter[3]  ; CLOCK_50     ; CLOCK_50    ; 1.000        ; 0.315      ; 4.582      ;
; -3.268 ; debounce:u_debounce_wr|counter[12] ; debounce:u_debounce_wr|counter[4]  ; CLOCK_50     ; CLOCK_50    ; 1.000        ; 0.315      ; 4.582      ;
; -3.268 ; debounce:u_debounce_wr|counter[12] ; debounce:u_debounce_wr|counter[5]  ; CLOCK_50     ; CLOCK_50    ; 1.000        ; 0.315      ; 4.582      ;
; -3.268 ; debounce:u_debounce_wr|counter[12] ; debounce:u_debounce_wr|counter[6]  ; CLOCK_50     ; CLOCK_50    ; 1.000        ; 0.315      ; 4.582      ;
; -3.268 ; debounce:u_debounce_wr|counter[12] ; debounce:u_debounce_wr|counter[7]  ; CLOCK_50     ; CLOCK_50    ; 1.000        ; 0.315      ; 4.582      ;
; -3.268 ; debounce:u_debounce_wr|counter[12] ; debounce:u_debounce_wr|counter[8]  ; CLOCK_50     ; CLOCK_50    ; 1.000        ; 0.315      ; 4.582      ;
; -3.250 ; debounce:u_debounce_wr|counter[10] ; debounce:u_debounce_wr|counter[2]  ; CLOCK_50     ; CLOCK_50    ; 1.000        ; -0.064     ; 4.185      ;
; -3.250 ; debounce:u_debounce_wr|counter[10] ; debounce:u_debounce_wr|counter[9]  ; CLOCK_50     ; CLOCK_50    ; 1.000        ; -0.064     ; 4.185      ;
; -3.247 ; debounce:u_debounce_rd|counter[11] ; debounce:u_debounce_rd|counter[0]  ; CLOCK_50     ; CLOCK_50    ; 1.000        ; 0.315      ; 4.561      ;
; -3.247 ; debounce:u_debounce_rd|counter[11] ; debounce:u_debounce_rd|counter[1]  ; CLOCK_50     ; CLOCK_50    ; 1.000        ; 0.315      ; 4.561      ;
; -3.247 ; debounce:u_debounce_rd|counter[11] ; debounce:u_debounce_rd|counter[2]  ; CLOCK_50     ; CLOCK_50    ; 1.000        ; 0.315      ; 4.561      ;
; -3.247 ; debounce:u_debounce_rd|counter[11] ; debounce:u_debounce_rd|counter[3]  ; CLOCK_50     ; CLOCK_50    ; 1.000        ; 0.315      ; 4.561      ;
; -3.247 ; debounce:u_debounce_rd|counter[11] ; debounce:u_debounce_rd|counter[4]  ; CLOCK_50     ; CLOCK_50    ; 1.000        ; 0.315      ; 4.561      ;
; -3.247 ; debounce:u_debounce_rd|counter[11] ; debounce:u_debounce_rd|counter[5]  ; CLOCK_50     ; CLOCK_50    ; 1.000        ; 0.315      ; 4.561      ;
; -3.247 ; debounce:u_debounce_rd|counter[11] ; debounce:u_debounce_rd|counter[6]  ; CLOCK_50     ; CLOCK_50    ; 1.000        ; 0.315      ; 4.561      ;
; -3.247 ; debounce:u_debounce_rd|counter[11] ; debounce:u_debounce_rd|counter[7]  ; CLOCK_50     ; CLOCK_50    ; 1.000        ; 0.315      ; 4.561      ;
; -3.247 ; debounce:u_debounce_rd|counter[11] ; debounce:u_debounce_rd|counter[8]  ; CLOCK_50     ; CLOCK_50    ; 1.000        ; 0.315      ; 4.561      ;
; -3.235 ; debounce:u_debounce_wr|counter[12] ; debounce:u_debounce_wr|counter[10] ; CLOCK_50     ; CLOCK_50    ; 1.000        ; -0.071     ; 4.163      ;
; -3.235 ; debounce:u_debounce_wr|counter[12] ; debounce:u_debounce_wr|counter[11] ; CLOCK_50     ; CLOCK_50    ; 1.000        ; -0.071     ; 4.163      ;
; -3.235 ; debounce:u_debounce_wr|counter[12] ; debounce:u_debounce_wr|counter[12] ; CLOCK_50     ; CLOCK_50    ; 1.000        ; -0.071     ; 4.163      ;
; -3.235 ; debounce:u_debounce_wr|counter[12] ; debounce:u_debounce_wr|counter[14] ; CLOCK_50     ; CLOCK_50    ; 1.000        ; -0.071     ; 4.163      ;
; -3.212 ; debounce:u_debounce_rd|counter[11] ; debounce:u_debounce_rd|counter[12] ; CLOCK_50     ; CLOCK_50    ; 1.000        ; -0.071     ; 4.140      ;
; -3.212 ; debounce:u_debounce_rd|counter[11] ; debounce:u_debounce_rd|counter[10] ; CLOCK_50     ; CLOCK_50    ; 1.000        ; -0.071     ; 4.140      ;
; -3.212 ; debounce:u_debounce_rd|counter[11] ; debounce:u_debounce_rd|counter[11] ; CLOCK_50     ; CLOCK_50    ; 1.000        ; -0.071     ; 4.140      ;
; -3.212 ; debounce:u_debounce_rd|counter[11] ; debounce:u_debounce_rd|counter[14] ; CLOCK_50     ; CLOCK_50    ; 1.000        ; -0.071     ; 4.140      ;
; -3.202 ; debounce:u_debounce_wr|counter[0]  ; debounce:u_debounce_wr|counter[0]  ; CLOCK_50     ; CLOCK_50    ; 1.000        ; -0.087     ; 4.114      ;
; -3.202 ; debounce:u_debounce_wr|counter[0]  ; debounce:u_debounce_wr|counter[1]  ; CLOCK_50     ; CLOCK_50    ; 1.000        ; -0.087     ; 4.114      ;
; -3.202 ; debounce:u_debounce_wr|counter[0]  ; debounce:u_debounce_wr|counter[3]  ; CLOCK_50     ; CLOCK_50    ; 1.000        ; -0.087     ; 4.114      ;
; -3.202 ; debounce:u_debounce_wr|counter[0]  ; debounce:u_debounce_wr|counter[4]  ; CLOCK_50     ; CLOCK_50    ; 1.000        ; -0.087     ; 4.114      ;
; -3.202 ; debounce:u_debounce_wr|counter[0]  ; debounce:u_debounce_wr|counter[5]  ; CLOCK_50     ; CLOCK_50    ; 1.000        ; -0.087     ; 4.114      ;
; -3.202 ; debounce:u_debounce_wr|counter[0]  ; debounce:u_debounce_wr|counter[6]  ; CLOCK_50     ; CLOCK_50    ; 1.000        ; -0.087     ; 4.114      ;
; -3.202 ; debounce:u_debounce_wr|counter[0]  ; debounce:u_debounce_wr|counter[7]  ; CLOCK_50     ; CLOCK_50    ; 1.000        ; -0.087     ; 4.114      ;
; -3.202 ; debounce:u_debounce_wr|counter[0]  ; debounce:u_debounce_wr|counter[8]  ; CLOCK_50     ; CLOCK_50    ; 1.000        ; -0.087     ; 4.114      ;
; -3.188 ; debounce:u_debounce_wr|counter[2]  ; debounce:u_debounce_wr|counter[2]  ; CLOCK_50     ; CLOCK_50    ; 1.000        ; -0.071     ; 4.116      ;
; -3.188 ; debounce:u_debounce_wr|counter[2]  ; debounce:u_debounce_wr|counter[9]  ; CLOCK_50     ; CLOCK_50    ; 1.000        ; -0.071     ; 4.116      ;
; -3.182 ; debounce:u_debounce_rd|counter[3]  ; debounce:u_debounce_rd|counter[9]  ; CLOCK_50     ; CLOCK_50    ; 1.000        ; -0.472     ; 3.709      ;
; -3.181 ; debounce:u_debounce_rd|counter[10] ; debounce:u_debounce_rd|counter[9]  ; CLOCK_50     ; CLOCK_50    ; 1.000        ; -0.070     ; 4.110      ;
; -3.180 ; debounce:u_debounce_rd|counter[0]  ; debounce:u_debounce_rd|counter[9]  ; CLOCK_50     ; CLOCK_50    ; 1.000        ; -0.472     ; 3.707      ;
; -3.169 ; debounce:u_debounce_wr|counter[0]  ; debounce:u_debounce_wr|counter[10] ; CLOCK_50     ; CLOCK_50    ; 1.000        ; -0.473     ; 3.695      ;
; -3.169 ; debounce:u_debounce_wr|counter[0]  ; debounce:u_debounce_wr|counter[11] ; CLOCK_50     ; CLOCK_50    ; 1.000        ; -0.473     ; 3.695      ;
; -3.169 ; debounce:u_debounce_wr|counter[0]  ; debounce:u_debounce_wr|counter[12] ; CLOCK_50     ; CLOCK_50    ; 1.000        ; -0.473     ; 3.695      ;
; -3.169 ; debounce:u_debounce_wr|counter[0]  ; debounce:u_debounce_wr|counter[14] ; CLOCK_50     ; CLOCK_50    ; 1.000        ; -0.473     ; 3.695      ;
; -3.159 ; debounce:u_debounce_wr|counter[4]  ; debounce:u_debounce_wr|counter[2]  ; CLOCK_50     ; CLOCK_50    ; 1.000        ; -0.466     ; 3.692      ;
; -3.159 ; debounce:u_debounce_wr|counter[4]  ; debounce:u_debounce_wr|counter[9]  ; CLOCK_50     ; CLOCK_50    ; 1.000        ; -0.466     ; 3.692      ;
; -3.147 ; debounce:u_debounce_wr|counter[9]  ; debounce:u_debounce_wr|counter[0]  ; CLOCK_50     ; CLOCK_50    ; 1.000        ; 0.308      ; 4.454      ;
; -3.147 ; debounce:u_debounce_wr|counter[9]  ; debounce:u_debounce_wr|counter[1]  ; CLOCK_50     ; CLOCK_50    ; 1.000        ; 0.308      ; 4.454      ;
; -3.147 ; debounce:u_debounce_wr|counter[9]  ; debounce:u_debounce_wr|counter[3]  ; CLOCK_50     ; CLOCK_50    ; 1.000        ; 0.308      ; 4.454      ;
; -3.147 ; debounce:u_debounce_wr|counter[9]  ; debounce:u_debounce_wr|counter[4]  ; CLOCK_50     ; CLOCK_50    ; 1.000        ; 0.308      ; 4.454      ;
; -3.147 ; debounce:u_debounce_wr|counter[9]  ; debounce:u_debounce_wr|counter[5]  ; CLOCK_50     ; CLOCK_50    ; 1.000        ; 0.308      ; 4.454      ;
; -3.147 ; debounce:u_debounce_wr|counter[9]  ; debounce:u_debounce_wr|counter[6]  ; CLOCK_50     ; CLOCK_50    ; 1.000        ; 0.308      ; 4.454      ;
; -3.147 ; debounce:u_debounce_wr|counter[9]  ; debounce:u_debounce_wr|counter[7]  ; CLOCK_50     ; CLOCK_50    ; 1.000        ; 0.308      ; 4.454      ;
; -3.147 ; debounce:u_debounce_wr|counter[9]  ; debounce:u_debounce_wr|counter[8]  ; CLOCK_50     ; CLOCK_50    ; 1.000        ; 0.308      ; 4.454      ;
; -3.134 ; debounce:u_debounce_wr|counter[11] ; debounce:u_debounce_wr|counter[0]  ; CLOCK_50     ; CLOCK_50    ; 1.000        ; 0.315      ; 4.448      ;
; -3.134 ; debounce:u_debounce_wr|counter[11] ; debounce:u_debounce_wr|counter[1]  ; CLOCK_50     ; CLOCK_50    ; 1.000        ; 0.315      ; 4.448      ;
; -3.134 ; debounce:u_debounce_wr|counter[11] ; debounce:u_debounce_wr|counter[3]  ; CLOCK_50     ; CLOCK_50    ; 1.000        ; 0.315      ; 4.448      ;
; -3.134 ; debounce:u_debounce_wr|counter[11] ; debounce:u_debounce_wr|counter[4]  ; CLOCK_50     ; CLOCK_50    ; 1.000        ; 0.315      ; 4.448      ;
; -3.134 ; debounce:u_debounce_wr|counter[11] ; debounce:u_debounce_wr|counter[5]  ; CLOCK_50     ; CLOCK_50    ; 1.000        ; 0.315      ; 4.448      ;
; -3.134 ; debounce:u_debounce_wr|counter[11] ; debounce:u_debounce_wr|counter[6]  ; CLOCK_50     ; CLOCK_50    ; 1.000        ; 0.315      ; 4.448      ;
; -3.134 ; debounce:u_debounce_wr|counter[11] ; debounce:u_debounce_wr|counter[7]  ; CLOCK_50     ; CLOCK_50    ; 1.000        ; 0.315      ; 4.448      ;
; -3.134 ; debounce:u_debounce_wr|counter[11] ; debounce:u_debounce_wr|counter[8]  ; CLOCK_50     ; CLOCK_50    ; 1.000        ; 0.315      ; 4.448      ;
; -3.128 ; debounce:u_debounce_rst|counter[9] ; debounce:u_debounce_rst|counter[0] ; CLOCK_50     ; CLOCK_50    ; 1.000        ; -0.071     ; 4.056      ;
; -3.128 ; debounce:u_debounce_rst|counter[9] ; debounce:u_debounce_rst|counter[3] ; CLOCK_50     ; CLOCK_50    ; 1.000        ; -0.071     ; 4.056      ;
; -3.128 ; debounce:u_debounce_rst|counter[9] ; debounce:u_debounce_rst|counter[8] ; CLOCK_50     ; CLOCK_50    ; 1.000        ; -0.071     ; 4.056      ;
; -3.128 ; debounce:u_debounce_rst|counter[9] ; debounce:u_debounce_rst|counter[9] ; CLOCK_50     ; CLOCK_50    ; 1.000        ; -0.071     ; 4.056      ;
; -3.114 ; debounce:u_debounce_wr|counter[9]  ; debounce:u_debounce_wr|counter[10] ; CLOCK_50     ; CLOCK_50    ; 1.000        ; -0.078     ; 4.035      ;
; -3.114 ; debounce:u_debounce_wr|counter[9]  ; debounce:u_debounce_wr|counter[11] ; CLOCK_50     ; CLOCK_50    ; 1.000        ; -0.078     ; 4.035      ;
; -3.114 ; debounce:u_debounce_wr|counter[9]  ; debounce:u_debounce_wr|counter[12] ; CLOCK_50     ; CLOCK_50    ; 1.000        ; -0.078     ; 4.035      ;
; -3.114 ; debounce:u_debounce_wr|counter[9]  ; debounce:u_debounce_wr|counter[14] ; CLOCK_50     ; CLOCK_50    ; 1.000        ; -0.078     ; 4.035      ;
; -3.101 ; debounce:u_debounce_wr|counter[11] ; debounce:u_debounce_wr|counter[10] ; CLOCK_50     ; CLOCK_50    ; 1.000        ; -0.071     ; 4.029      ;
; -3.101 ; debounce:u_debounce_wr|counter[11] ; debounce:u_debounce_wr|counter[11] ; CLOCK_50     ; CLOCK_50    ; 1.000        ; -0.071     ; 4.029      ;
; -3.101 ; debounce:u_debounce_wr|counter[11] ; debounce:u_debounce_wr|counter[12] ; CLOCK_50     ; CLOCK_50    ; 1.000        ; -0.071     ; 4.029      ;
; -3.101 ; debounce:u_debounce_wr|counter[11] ; debounce:u_debounce_wr|counter[14] ; CLOCK_50     ; CLOCK_50    ; 1.000        ; -0.071     ; 4.029      ;
; -3.094 ; debounce:u_debounce_rd|counter[3]  ; debounce:u_debounce_rd|counter[0]  ; CLOCK_50     ; CLOCK_50    ; 1.000        ; -0.087     ; 4.006      ;
; -3.094 ; debounce:u_debounce_rd|counter[3]  ; debounce:u_debounce_rd|counter[1]  ; CLOCK_50     ; CLOCK_50    ; 1.000        ; -0.087     ; 4.006      ;
; -3.094 ; debounce:u_debounce_rd|counter[3]  ; debounce:u_debounce_rd|counter[2]  ; CLOCK_50     ; CLOCK_50    ; 1.000        ; -0.087     ; 4.006      ;
; -3.094 ; debounce:u_debounce_rd|counter[3]  ; debounce:u_debounce_rd|counter[3]  ; CLOCK_50     ; CLOCK_50    ; 1.000        ; -0.087     ; 4.006      ;
; -3.094 ; debounce:u_debounce_rd|counter[3]  ; debounce:u_debounce_rd|counter[4]  ; CLOCK_50     ; CLOCK_50    ; 1.000        ; -0.087     ; 4.006      ;
; -3.094 ; debounce:u_debounce_rd|counter[3]  ; debounce:u_debounce_rd|counter[5]  ; CLOCK_50     ; CLOCK_50    ; 1.000        ; -0.087     ; 4.006      ;
; -3.094 ; debounce:u_debounce_rd|counter[3]  ; debounce:u_debounce_rd|counter[6]  ; CLOCK_50     ; CLOCK_50    ; 1.000        ; -0.087     ; 4.006      ;
; -3.094 ; debounce:u_debounce_rd|counter[3]  ; debounce:u_debounce_rd|counter[7]  ; CLOCK_50     ; CLOCK_50    ; 1.000        ; -0.087     ; 4.006      ;
; -3.094 ; debounce:u_debounce_rd|counter[3]  ; debounce:u_debounce_rd|counter[8]  ; CLOCK_50     ; CLOCK_50    ; 1.000        ; -0.087     ; 4.006      ;
; -3.093 ; debounce:u_debounce_rd|counter[10] ; debounce:u_debounce_rd|counter[0]  ; CLOCK_50     ; CLOCK_50    ; 1.000        ; 0.315      ; 4.407      ;
; -3.093 ; debounce:u_debounce_rd|counter[10] ; debounce:u_debounce_rd|counter[1]  ; CLOCK_50     ; CLOCK_50    ; 1.000        ; 0.315      ; 4.407      ;
; -3.093 ; debounce:u_debounce_rd|counter[10] ; debounce:u_debounce_rd|counter[2]  ; CLOCK_50     ; CLOCK_50    ; 1.000        ; 0.315      ; 4.407      ;
; -3.093 ; debounce:u_debounce_rd|counter[10] ; debounce:u_debounce_rd|counter[3]  ; CLOCK_50     ; CLOCK_50    ; 1.000        ; 0.315      ; 4.407      ;
+--------+------------------------------------+------------------------------------+--------------+-------------+--------------+------------+------------+


+---------------------------------------------------------------------------------------------------------------------------------------------------------+
; Slow 1200mV 0C Model Hold: 'CLOCK_50'                                                                                                                   ;
+-------+-------------------------------------+-------------------------------------+--------------+-------------+--------------+------------+------------+
; Slack ; From Node                           ; To Node                             ; Launch Clock ; Latch Clock ; Relationship ; Clock Skew ; Data Delay ;
+-------+-------------------------------------+-------------------------------------+--------------+-------------+--------------+------------+------------+
; 0.354 ; debounce:u_debounce_rst|btn_out     ; debounce:u_debounce_rst|btn_out     ; CLOCK_50     ; CLOCK_50    ; 0.000        ; 0.072      ; 0.597      ;
; 0.355 ; debounce:u_debounce_wr|btn_out      ; debounce:u_debounce_wr|btn_out      ; CLOCK_50     ; CLOCK_50    ; 0.000        ; 0.071      ; 0.597      ;
; 0.355 ; debounce:u_debounce_rd|btn_out      ; debounce:u_debounce_rd|btn_out      ; CLOCK_50     ; CLOCK_50    ; 0.000        ; 0.071      ; 0.597      ;
; 0.356 ; sync_fifo:u_fifo|wr_ptr[2]          ; sync_fifo:u_fifo|wr_ptr[2]          ; CLOCK_50     ; CLOCK_50    ; 0.000        ; 0.070      ; 0.597      ;
; 0.357 ; sync_fifo:u_fifo|rd_ptr[0]          ; sync_fifo:u_fifo|rd_ptr[0]          ; CLOCK_50     ; CLOCK_50    ; 0.000        ; 0.069      ; 0.597      ;
; 0.357 ; sync_fifo:u_fifo|rd_ptr[1]          ; sync_fifo:u_fifo|rd_ptr[1]          ; CLOCK_50     ; CLOCK_50    ; 0.000        ; 0.069      ; 0.597      ;
; 0.357 ; sync_fifo:u_fifo|rd_ptr[2]          ; sync_fifo:u_fifo|rd_ptr[2]          ; CLOCK_50     ; CLOCK_50    ; 0.000        ; 0.069      ; 0.597      ;
; 0.357 ; sync_fifo:u_fifo|rd_ptr[3]          ; sync_fifo:u_fifo|rd_ptr[3]          ; CLOCK_50     ; CLOCK_50    ; 0.000        ; 0.069      ; 0.597      ;
; 0.357 ; sync_fifo:u_fifo|wr_ptr[1]          ; sync_fifo:u_fifo|wr_ptr[1]          ; CLOCK_50     ; CLOCK_50    ; 0.000        ; 0.069      ; 0.597      ;
; 0.357 ; sync_fifo:u_fifo|wr_ptr[3]          ; sync_fifo:u_fifo|wr_ptr[3]          ; CLOCK_50     ; CLOCK_50    ; 0.000        ; 0.069      ; 0.597      ;
; 0.357 ; sync_fifo:u_fifo|wr_ptr[0]          ; sync_fifo:u_fifo|wr_ptr[0]          ; CLOCK_50     ; CLOCK_50    ; 0.000        ; 0.069      ; 0.597      ;
; 0.372 ; debounce:u_debounce_wr|counter[19]  ; debounce:u_debounce_wr|counter[19]  ; CLOCK_50     ; CLOCK_50    ; 0.000        ; 0.087      ; 0.630      ;
; 0.373 ; debounce:u_debounce_rd|counter[19]  ; debounce:u_debounce_rd|counter[19]  ; CLOCK_50     ; CLOCK_50    ; 0.000        ; 0.086      ; 0.630      ;
; 0.482 ; debounce:u_debounce_rst|counter[0]  ; debounce:u_debounce_rst|counter[1]  ; CLOCK_50     ; CLOCK_50    ; 0.000        ; 0.466      ; 1.119      ;
; 0.482 ; debounce:u_debounce_rst|counter[3]  ; debounce:u_debounce_rst|counter[4]  ; CLOCK_50     ; CLOCK_50    ; 0.000        ; 0.466      ; 1.119      ;
; 0.485 ; debounce:u_debounce_wr|counter[2]   ; debounce:u_debounce_wr|counter[3]   ; CLOCK_50     ; CLOCK_50    ; 0.000        ; 0.466      ; 1.122      ;
; 0.493 ; debounce:u_debounce_rst|counter[0]  ; debounce:u_debounce_rst|counter[2]  ; CLOCK_50     ; CLOCK_50    ; 0.000        ; 0.466      ; 1.130      ;
; 0.496 ; debounce:u_debounce_wr|counter[2]   ; debounce:u_debounce_wr|counter[4]   ; CLOCK_50     ; CLOCK_50    ; 0.000        ; 0.466      ; 1.133      ;
; 0.511 ; debounce:u_debounce_wr|counter[14]  ; debounce:u_debounce_wr|counter[15]  ; CLOCK_50     ; CLOCK_50    ; 0.000        ; 0.467      ; 1.149      ;
; 0.512 ; debounce:u_debounce_rd|counter[14]  ; debounce:u_debounce_rd|counter[15]  ; CLOCK_50     ; CLOCK_50    ; 0.000        ; 0.466      ; 1.149      ;
; 0.522 ; debounce:u_debounce_wr|counter[14]  ; debounce:u_debounce_wr|counter[16]  ; CLOCK_50     ; CLOCK_50    ; 0.000        ; 0.467      ; 1.160      ;
; 0.523 ; debounce:u_debounce_rd|counter[14]  ; debounce:u_debounce_rd|counter[16]  ; CLOCK_50     ; CLOCK_50    ; 0.000        ; 0.466      ; 1.160      ;
; 0.569 ; debounce:u_debounce_rst|counter[7]  ; debounce:u_debounce_rst|counter[7]  ; CLOCK_50     ; CLOCK_50    ; 0.000        ; 0.087      ; 0.827      ;
; 0.570 ; debounce:u_debounce_wr|counter[5]   ; debounce:u_debounce_wr|counter[5]   ; CLOCK_50     ; CLOCK_50    ; 0.000        ; 0.087      ; 0.828      ;
; 0.570 ; debounce:u_debounce_wr|counter[7]   ; debounce:u_debounce_wr|counter[7]   ; CLOCK_50     ; CLOCK_50    ; 0.000        ; 0.087      ; 0.828      ;
; 0.570 ; debounce:u_debounce_wr|counter[13]  ; debounce:u_debounce_wr|counter[13]  ; CLOCK_50     ; CLOCK_50    ; 0.000        ; 0.087      ; 0.828      ;
; 0.570 ; debounce:u_debounce_rd|counter[5]   ; debounce:u_debounce_rd|counter[5]   ; CLOCK_50     ; CLOCK_50    ; 0.000        ; 0.087      ; 0.828      ;
; 0.570 ; debounce:u_debounce_rd|counter[7]   ; debounce:u_debounce_rd|counter[7]   ; CLOCK_50     ; CLOCK_50    ; 0.000        ; 0.087      ; 0.828      ;
; 0.571 ; debounce:u_debounce_rd|counter[13]  ; debounce:u_debounce_rd|counter[13]  ; CLOCK_50     ; CLOCK_50    ; 0.000        ; 0.086      ; 0.828      ;
; 0.571 ; debounce:u_debounce_rst|counter[5]  ; debounce:u_debounce_rst|counter[5]  ; CLOCK_50     ; CLOCK_50    ; 0.000        ; 0.087      ; 0.829      ;
; 0.574 ; debounce:u_debounce_rd|counter[3]   ; debounce:u_debounce_rd|counter[3]   ; CLOCK_50     ; CLOCK_50    ; 0.000        ; 0.087      ; 0.832      ;
; 0.574 ; debounce:u_debounce_wr|counter[3]   ; debounce:u_debounce_wr|counter[3]   ; CLOCK_50     ; CLOCK_50    ; 0.000        ; 0.087      ; 0.832      ;
; 0.574 ; debounce:u_debounce_wr|counter[16]  ; debounce:u_debounce_wr|counter[16]  ; CLOCK_50     ; CLOCK_50    ; 0.000        ; 0.087      ; 0.832      ;
; 0.575 ; debounce:u_debounce_wr|counter[1]   ; debounce:u_debounce_wr|counter[1]   ; CLOCK_50     ; CLOCK_50    ; 0.000        ; 0.087      ; 0.833      ;
; 0.575 ; debounce:u_debounce_wr|counter[6]   ; debounce:u_debounce_wr|counter[6]   ; CLOCK_50     ; CLOCK_50    ; 0.000        ; 0.087      ; 0.833      ;
; 0.575 ; debounce:u_debounce_rd|counter[1]   ; debounce:u_debounce_rd|counter[1]   ; CLOCK_50     ; CLOCK_50    ; 0.000        ; 0.087      ; 0.833      ;
; 0.575 ; debounce:u_debounce_rd|counter[6]   ; debounce:u_debounce_rd|counter[6]   ; CLOCK_50     ; CLOCK_50    ; 0.000        ; 0.087      ; 0.833      ;
; 0.575 ; debounce:u_debounce_rst|counter[6]  ; debounce:u_debounce_rst|counter[6]  ; CLOCK_50     ; CLOCK_50    ; 0.000        ; 0.087      ; 0.833      ;
; 0.575 ; debounce:u_debounce_rst|counter[1]  ; debounce:u_debounce_rst|counter[1]  ; CLOCK_50     ; CLOCK_50    ; 0.000        ; 0.087      ; 0.833      ;
; 0.575 ; debounce:u_debounce_rd|counter[16]  ; debounce:u_debounce_rd|counter[16]  ; CLOCK_50     ; CLOCK_50    ; 0.000        ; 0.086      ; 0.832      ;
; 0.576 ; debounce:u_debounce_wr|counter[17]  ; debounce:u_debounce_wr|counter[17]  ; CLOCK_50     ; CLOCK_50    ; 0.000        ; 0.087      ; 0.834      ;
; 0.576 ; debounce:u_debounce_rd|counter[2]   ; debounce:u_debounce_rd|counter[2]   ; CLOCK_50     ; CLOCK_50    ; 0.000        ; 0.087      ; 0.834      ;
; 0.576 ; debounce:u_debounce_rst|counter[2]  ; debounce:u_debounce_rst|counter[2]  ; CLOCK_50     ; CLOCK_50    ; 0.000        ; 0.087      ; 0.834      ;
; 0.577 ; debounce:u_debounce_rd|counter[17]  ; debounce:u_debounce_rd|counter[17]  ; CLOCK_50     ; CLOCK_50    ; 0.000        ; 0.086      ; 0.834      ;
; 0.578 ; debounce:u_debounce_wr|counter[11]  ; debounce:u_debounce_wr|counter[13]  ; CLOCK_50     ; CLOCK_50    ; 0.000        ; 0.467      ; 1.216      ;
; 0.578 ; debounce:u_debounce_wr|counter[18]  ; debounce:u_debounce_wr|counter[18]  ; CLOCK_50     ; CLOCK_50    ; 0.000        ; 0.087      ; 0.836      ;
; 0.579 ; debounce:u_debounce_rd|counter[18]  ; debounce:u_debounce_rd|counter[18]  ; CLOCK_50     ; CLOCK_50    ; 0.000        ; 0.086      ; 0.836      ;
; 0.581 ; debounce:u_debounce_rst|counter[3]  ; debounce:u_debounce_rst|counter[5]  ; CLOCK_50     ; CLOCK_50    ; 0.000        ; 0.466      ; 1.218      ;
; 0.585 ; debounce:u_debounce_wr|btn_sync_0   ; debounce:u_debounce_wr|btn_sync_1   ; CLOCK_50     ; CLOCK_50    ; 0.000        ; 0.071      ; 0.827      ;
; 0.587 ; debounce:u_debounce_rst|counter[15] ; debounce:u_debounce_rst|counter[15] ; CLOCK_50     ; CLOCK_50    ; 0.000        ; 0.071      ; 0.829      ;
; 0.588 ; debounce:u_debounce_wr|counter[11]  ; debounce:u_debounce_wr|counter[11]  ; CLOCK_50     ; CLOCK_50    ; 0.000        ; 0.071      ; 0.830      ;
; 0.589 ; debounce:u_debounce_wr|counter[8]   ; debounce:u_debounce_wr|counter[8]   ; CLOCK_50     ; CLOCK_50    ; 0.000        ; 0.087      ; 0.847      ;
; 0.589 ; debounce:u_debounce_rd|counter[8]   ; debounce:u_debounce_rd|counter[8]   ; CLOCK_50     ; CLOCK_50    ; 0.000        ; 0.087      ; 0.847      ;
; 0.589 ; debounce:u_debounce_rst|counter[11] ; debounce:u_debounce_rst|counter[11] ; CLOCK_50     ; CLOCK_50    ; 0.000        ; 0.071      ; 0.831      ;
; 0.590 ; debounce:u_debounce_wr|counter[10]  ; debounce:u_debounce_wr|counter[10]  ; CLOCK_50     ; CLOCK_50    ; 0.000        ; 0.071      ; 0.832      ;
; 0.590 ; debounce:u_debounce_rd|counter[4]   ; debounce:u_debounce_rd|counter[4]   ; CLOCK_50     ; CLOCK_50    ; 0.000        ; 0.087      ; 0.848      ;
; 0.590 ; debounce:u_debounce_rd|counter[10]  ; debounce:u_debounce_rd|counter[10]  ; CLOCK_50     ; CLOCK_50    ; 0.000        ; 0.071      ; 0.832      ;
; 0.590 ; debounce:u_debounce_rst|counter[10] ; debounce:u_debounce_rst|counter[10] ; CLOCK_50     ; CLOCK_50    ; 0.000        ; 0.071      ; 0.832      ;
; 0.590 ; debounce:u_debounce_rst|counter[3]  ; debounce:u_debounce_rst|counter[3]  ; CLOCK_50     ; CLOCK_50    ; 0.000        ; 0.071      ; 0.832      ;
; 0.590 ; debounce:u_debounce_rst|counter[16] ; debounce:u_debounce_rst|counter[16] ; CLOCK_50     ; CLOCK_50    ; 0.000        ; 0.071      ; 0.832      ;
; 0.590 ; debounce:u_debounce_rst|counter[4]  ; debounce:u_debounce_rst|counter[4]  ; CLOCK_50     ; CLOCK_50    ; 0.000        ; 0.087      ; 0.848      ;
; 0.590 ; debounce:u_debounce_wr|counter[4]   ; debounce:u_debounce_wr|counter[4]   ; CLOCK_50     ; CLOCK_50    ; 0.000        ; 0.087      ; 0.848      ;
; 0.591 ; debounce:u_debounce_rst|counter[12] ; debounce:u_debounce_rst|counter[12] ; CLOCK_50     ; CLOCK_50    ; 0.000        ; 0.071      ; 0.833      ;
; 0.591 ; debounce:u_debounce_rst|counter[17] ; debounce:u_debounce_rst|counter[17] ; CLOCK_50     ; CLOCK_50    ; 0.000        ; 0.071      ; 0.833      ;
; 0.592 ; debounce:u_debounce_wr|counter[0]   ; debounce:u_debounce_wr|counter[0]   ; CLOCK_50     ; CLOCK_50    ; 0.000        ; 0.087      ; 0.850      ;
; 0.592 ; debounce:u_debounce_wr|counter[2]   ; debounce:u_debounce_wr|counter[2]   ; CLOCK_50     ; CLOCK_50    ; 0.000        ; 0.071      ; 0.834      ;
; 0.592 ; debounce:u_debounce_rd|counter[0]   ; debounce:u_debounce_rd|counter[0]   ; CLOCK_50     ; CLOCK_50    ; 0.000        ; 0.087      ; 0.850      ;
; 0.592 ; debounce:u_debounce_rst|counter[3]  ; debounce:u_debounce_rst|counter[6]  ; CLOCK_50     ; CLOCK_50    ; 0.000        ; 0.466      ; 1.229      ;
; 0.592 ; debounce:u_debounce_wr|counter[10]  ; debounce:u_debounce_wr|counter[13]  ; CLOCK_50     ; CLOCK_50    ; 0.000        ; 0.467      ; 1.230      ;
; 0.593 ; debounce:u_debounce_rd|counter[10]  ; debounce:u_debounce_rd|counter[13]  ; CLOCK_50     ; CLOCK_50    ; 0.000        ; 0.466      ; 1.230      ;
; 0.594 ; debounce:u_debounce_rst|counter[18] ; debounce:u_debounce_rst|counter[18] ; CLOCK_50     ; CLOCK_50    ; 0.000        ; 0.071      ; 0.836      ;
; 0.595 ; debounce:u_debounce_wr|counter[2]   ; debounce:u_debounce_wr|counter[5]   ; CLOCK_50     ; CLOCK_50    ; 0.000        ; 0.466      ; 1.232      ;
; 0.599 ; debounce:u_debounce_wr|counter[9]   ; debounce:u_debounce_wr|counter[9]   ; CLOCK_50     ; CLOCK_50    ; 0.000        ; 0.071      ; 0.841      ;
; 0.599 ; debounce:u_debounce_rst|counter[9]  ; debounce:u_debounce_rst|counter[9]  ; CLOCK_50     ; CLOCK_50    ; 0.000        ; 0.071      ; 0.841      ;
; 0.603 ; debounce:u_debounce_rst|counter[0]  ; debounce:u_debounce_rst|counter[4]  ; CLOCK_50     ; CLOCK_50    ; 0.000        ; 0.466      ; 1.240      ;
; 0.605 ; debounce:u_debounce_rst|counter[8]  ; debounce:u_debounce_rst|counter[8]  ; CLOCK_50     ; CLOCK_50    ; 0.000        ; 0.071      ; 0.847      ;
; 0.606 ; debounce:u_debounce_wr|counter[2]   ; debounce:u_debounce_wr|counter[6]   ; CLOCK_50     ; CLOCK_50    ; 0.000        ; 0.466      ; 1.243      ;
; 0.608 ; debounce:u_debounce_rst|counter[0]  ; debounce:u_debounce_rst|counter[0]  ; CLOCK_50     ; CLOCK_50    ; 0.000        ; 0.071      ; 0.850      ;
; 0.619 ; debounce:u_debounce_wr|counter[14]  ; debounce:u_debounce_wr|counter[14]  ; CLOCK_50     ; CLOCK_50    ; 0.000        ; 0.071      ; 0.861      ;
; 0.619 ; debounce:u_debounce_rd|counter[14]  ; debounce:u_debounce_rd|counter[14]  ; CLOCK_50     ; CLOCK_50    ; 0.000        ; 0.071      ; 0.861      ;
; 0.619 ; debounce:u_debounce_rst|counter[14] ; debounce:u_debounce_rst|counter[14] ; CLOCK_50     ; CLOCK_50    ; 0.000        ; 0.071      ; 0.861      ;
; 0.621 ; debounce:u_debounce_wr|counter[14]  ; debounce:u_debounce_wr|counter[17]  ; CLOCK_50     ; CLOCK_50    ; 0.000        ; 0.467      ; 1.259      ;
; 0.622 ; debounce:u_debounce_rd|counter[14]  ; debounce:u_debounce_rd|counter[17]  ; CLOCK_50     ; CLOCK_50    ; 0.000        ; 0.466      ; 1.259      ;
; 0.625 ; debounce:u_debounce_rst|btn_sync_1  ; debounce:u_debounce_rst|btn_out     ; CLOCK_50     ; CLOCK_50    ; 0.000        ; 0.072      ; 0.868      ;
; 0.627 ; debounce:u_debounce_rd|btn_sync_0   ; debounce:u_debounce_rd|btn_sync_1   ; CLOCK_50     ; CLOCK_50    ; 0.000        ; 0.071      ; 0.869      ;
; 0.632 ; debounce:u_debounce_wr|counter[14]  ; debounce:u_debounce_wr|counter[18]  ; CLOCK_50     ; CLOCK_50    ; 0.000        ; 0.467      ; 1.270      ;
; 0.633 ; debounce:u_debounce_rd|counter[14]  ; debounce:u_debounce_rd|counter[18]  ; CLOCK_50     ; CLOCK_50    ; 0.000        ; 0.466      ; 1.270      ;
; 0.637 ; sync_fifo:u_fifo|rd_ptr[0]          ; sync_fifo:u_fifo|rd_ptr[1]          ; CLOCK_50     ; CLOCK_50    ; 0.000        ; 0.069      ; 0.877      ;
; 0.640 ; debounce:u_debounce_wr|counter[12]  ; debounce:u_debounce_wr|counter[13]  ; CLOCK_50     ; CLOCK_50    ; 0.000        ; 0.467      ; 1.278      ;
; 0.644 ; debounce:u_debounce_rd|btn_sync_1   ; debounce:u_debounce_rd|btn_out      ; CLOCK_50     ; CLOCK_50    ; 0.000        ; 0.071      ; 0.886      ;
; 0.645 ; debounce:u_debounce_wr|btn_sync_1   ; debounce:u_debounce_wr|btn_out      ; CLOCK_50     ; CLOCK_50    ; 0.000        ; 0.071      ; 0.887      ;
; 0.653 ; debounce:u_debounce_rd|counter[12]  ; debounce:u_debounce_rd|counter[13]  ; CLOCK_50     ; CLOCK_50    ; 0.000        ; 0.466      ; 1.290      ;
; 0.661 ; sync_fifo:u_fifo|rd_ptr[2]          ; displayed_data[4]                   ; CLOCK_50     ; CLOCK_50    ; 0.000        ; 0.069      ; 0.901      ;
; 0.662 ; sync_fifo:u_fifo|rd_ptr[2]          ; displayed_data[6]                   ; CLOCK_50     ; CLOCK_50    ; 0.000        ; 0.069      ; 0.902      ;
; 0.662 ; sync_fifo:u_fifo|rd_ptr[2]          ; displayed_data[1]                   ; CLOCK_50     ; CLOCK_50    ; 0.000        ; 0.069      ; 0.902      ;
; 0.684 ; sync_fifo:u_fifo|rd_ptr[2]          ; displayed_data[7]                   ; CLOCK_50     ; CLOCK_50    ; 0.000        ; 0.069      ; 0.924      ;
; 0.686 ; sync_fifo:u_fifo|rd_ptr[2]          ; displayed_data[5]                   ; CLOCK_50     ; CLOCK_50    ; 0.000        ; 0.069      ; 0.926      ;
; 0.688 ; debounce:u_debounce_wr|counter[11]  ; debounce:u_debounce_wr|counter[15]  ; CLOCK_50     ; CLOCK_50    ; 0.000        ; 0.467      ; 1.326      ;
; 0.691 ; debounce:u_debounce_rst|counter[3]  ; debounce:u_debounce_rst|counter[7]  ; CLOCK_50     ; CLOCK_50    ; 0.000        ; 0.466      ; 1.328      ;
; 0.699 ; debounce:u_debounce_wr|counter[11]  ; debounce:u_debounce_wr|counter[16]  ; CLOCK_50     ; CLOCK_50    ; 0.000        ; 0.467      ; 1.337      ;
+-------+-------------------------------------+-------------------------------------+--------------+-------------+--------------+------------+------------+


----------------------------------------------
; Slow 1200mV 0C Model Metastability Summary ;
----------------------------------------------
Design MTBF is not calculated because the design doesn't meet its timing requirements.



+------------------------------------+
; Fast 1200mV 0C Model Setup Summary ;
+----------+--------+----------------+
; Clock    ; Slack  ; End Point TNS  ;
+----------+--------+----------------+
; CLOCK_50 ; -1.412 ; -139.403       ;
+----------+--------+----------------+


+-----------------------------------+
; Fast 1200mV 0C Model Hold Summary ;
+----------+-------+----------------+
; Clock    ; Slack ; End Point TNS  ;
+----------+-------+----------------+
; CLOCK_50 ; 0.182 ; 0.000          ;
+----------+-------+----------------+


-----------------------------------------
; Fast 1200mV 0C Model Recovery Summary ;
-----------------------------------------
No paths to report.


----------------------------------------
; Fast 1200mV 0C Model Removal Summary ;
----------------------------------------
No paths to report.


+--------------------------------------------------+
; Fast 1200mV 0C Model Minimum Pulse Width Summary ;
+----------+--------+------------------------------+
; Clock    ; Slack  ; End Point TNS                ;
+----------+--------+------------------------------+
; CLOCK_50 ; -3.000 ; -200.150                     ;
+----------+--------+------------------------------+


+--------------------------------------------------------------------------------------------------------------------------------------------------------+
; Fast 1200mV 0C Model Setup: 'CLOCK_50'                                                                                                                 ;
+--------+------------------------------------+------------------------------------+--------------+-------------+--------------+------------+------------+
; Slack  ; From Node                          ; To Node                            ; Launch Clock ; Latch Clock ; Relationship ; Clock Skew ; Data Delay ;
+--------+------------------------------------+------------------------------------+--------------+-------------+--------------+------------+------------+
; -1.412 ; debounce:u_debounce_wr|counter[12] ; debounce:u_debounce_wr|counter[2]  ; CLOCK_50     ; CLOCK_50    ; 1.000        ; -0.035     ; 2.364      ;
; -1.412 ; debounce:u_debounce_wr|counter[12] ; debounce:u_debounce_wr|counter[9]  ; CLOCK_50     ; CLOCK_50    ; 1.000        ; -0.035     ; 2.364      ;
; -1.388 ; debounce:u_debounce_wr|counter[0]  ; debounce:u_debounce_wr|counter[2]  ; CLOCK_50     ; CLOCK_50    ; 1.000        ; -0.243     ; 2.132      ;
; -1.388 ; debounce:u_debounce_wr|counter[0]  ; debounce:u_debounce_wr|counter[9]  ; CLOCK_50     ; CLOCK_50    ; 1.000        ; -0.243     ; 2.132      ;
; -1.351 ; debounce:u_debounce_wr|counter[9]  ; debounce:u_debounce_wr|counter[2]  ; CLOCK_50     ; CLOCK_50    ; 1.000        ; -0.040     ; 2.298      ;
; -1.351 ; debounce:u_debounce_wr|counter[9]  ; debounce:u_debounce_wr|counter[9]  ; CLOCK_50     ; CLOCK_50    ; 1.000        ; -0.040     ; 2.298      ;
; -1.343 ; debounce:u_debounce_wr|counter[11] ; debounce:u_debounce_wr|counter[2]  ; CLOCK_50     ; CLOCK_50    ; 1.000        ; -0.035     ; 2.295      ;
; -1.343 ; debounce:u_debounce_wr|counter[11] ; debounce:u_debounce_wr|counter[9]  ; CLOCK_50     ; CLOCK_50    ; 1.000        ; -0.035     ; 2.295      ;
; -1.318 ; debounce:u_debounce_wr|counter[1]  ; debounce:u_debounce_wr|counter[2]  ; CLOCK_50     ; CLOCK_50    ; 1.000        ; -0.243     ; 2.062      ;
; -1.318 ; debounce:u_debounce_wr|counter[1]  ; debounce:u_debounce_wr|counter[9]  ; CLOCK_50     ; CLOCK_50    ; 1.000        ; -0.243     ; 2.062      ;
; -1.261 ; debounce:u_debounce_wr|counter[3]  ; debounce:u_debounce_wr|counter[2]  ; CLOCK_50     ; CLOCK_50    ; 1.000        ; -0.243     ; 2.005      ;
; -1.261 ; debounce:u_debounce_wr|counter[3]  ; debounce:u_debounce_wr|counter[9]  ; CLOCK_50     ; CLOCK_50    ; 1.000        ; -0.243     ; 2.005      ;
; -1.253 ; debounce:u_debounce_rd|counter[11] ; debounce:u_debounce_rd|counter[9]  ; CLOCK_50     ; CLOCK_50    ; 1.000        ; -0.040     ; 2.200      ;
; -1.218 ; debounce:u_debounce_wr|counter[12] ; debounce:u_debounce_wr|counter[0]  ; CLOCK_50     ; CLOCK_50    ; 1.000        ; 0.159      ; 2.364      ;
; -1.218 ; debounce:u_debounce_wr|counter[12] ; debounce:u_debounce_wr|counter[1]  ; CLOCK_50     ; CLOCK_50    ; 1.000        ; 0.159      ; 2.364      ;
; -1.218 ; debounce:u_debounce_wr|counter[12] ; debounce:u_debounce_wr|counter[3]  ; CLOCK_50     ; CLOCK_50    ; 1.000        ; 0.159      ; 2.364      ;
; -1.218 ; debounce:u_debounce_wr|counter[12] ; debounce:u_debounce_wr|counter[4]  ; CLOCK_50     ; CLOCK_50    ; 1.000        ; 0.159      ; 2.364      ;
; -1.218 ; debounce:u_debounce_wr|counter[12] ; debounce:u_debounce_wr|counter[5]  ; CLOCK_50     ; CLOCK_50    ; 1.000        ; 0.159      ; 2.364      ;
; -1.218 ; debounce:u_debounce_wr|counter[12] ; debounce:u_debounce_wr|counter[6]  ; CLOCK_50     ; CLOCK_50    ; 1.000        ; 0.159      ; 2.364      ;
; -1.218 ; debounce:u_debounce_wr|counter[12] ; debounce:u_debounce_wr|counter[7]  ; CLOCK_50     ; CLOCK_50    ; 1.000        ; 0.159      ; 2.364      ;
; -1.218 ; debounce:u_debounce_wr|counter[12] ; debounce:u_debounce_wr|counter[8]  ; CLOCK_50     ; CLOCK_50    ; 1.000        ; 0.159      ; 2.364      ;
; -1.209 ; debounce:u_debounce_rd|counter[11] ; debounce:u_debounce_rd|counter[0]  ; CLOCK_50     ; CLOCK_50    ; 1.000        ; 0.160      ; 2.356      ;
; -1.209 ; debounce:u_debounce_rd|counter[11] ; debounce:u_debounce_rd|counter[1]  ; CLOCK_50     ; CLOCK_50    ; 1.000        ; 0.160      ; 2.356      ;
; -1.209 ; debounce:u_debounce_rd|counter[11] ; debounce:u_debounce_rd|counter[2]  ; CLOCK_50     ; CLOCK_50    ; 1.000        ; 0.160      ; 2.356      ;
; -1.209 ; debounce:u_debounce_rd|counter[11] ; debounce:u_debounce_rd|counter[3]  ; CLOCK_50     ; CLOCK_50    ; 1.000        ; 0.160      ; 2.356      ;
; -1.209 ; debounce:u_debounce_rd|counter[11] ; debounce:u_debounce_rd|counter[4]  ; CLOCK_50     ; CLOCK_50    ; 1.000        ; 0.160      ; 2.356      ;
; -1.209 ; debounce:u_debounce_rd|counter[11] ; debounce:u_debounce_rd|counter[5]  ; CLOCK_50     ; CLOCK_50    ; 1.000        ; 0.160      ; 2.356      ;
; -1.209 ; debounce:u_debounce_rd|counter[11] ; debounce:u_debounce_rd|counter[6]  ; CLOCK_50     ; CLOCK_50    ; 1.000        ; 0.160      ; 2.356      ;
; -1.209 ; debounce:u_debounce_rd|counter[11] ; debounce:u_debounce_rd|counter[7]  ; CLOCK_50     ; CLOCK_50    ; 1.000        ; 0.160      ; 2.356      ;
; -1.209 ; debounce:u_debounce_rd|counter[11] ; debounce:u_debounce_rd|counter[8]  ; CLOCK_50     ; CLOCK_50    ; 1.000        ; 0.160      ; 2.356      ;
; -1.199 ; debounce:u_debounce_wr|counter[10] ; debounce:u_debounce_wr|counter[2]  ; CLOCK_50     ; CLOCK_50    ; 1.000        ; -0.035     ; 2.151      ;
; -1.199 ; debounce:u_debounce_wr|counter[10] ; debounce:u_debounce_wr|counter[9]  ; CLOCK_50     ; CLOCK_50    ; 1.000        ; -0.035     ; 2.151      ;
; -1.194 ; debounce:u_debounce_wr|counter[0]  ; debounce:u_debounce_wr|counter[0]  ; CLOCK_50     ; CLOCK_50    ; 1.000        ; -0.049     ; 2.132      ;
; -1.194 ; debounce:u_debounce_wr|counter[0]  ; debounce:u_debounce_wr|counter[1]  ; CLOCK_50     ; CLOCK_50    ; 1.000        ; -0.049     ; 2.132      ;
; -1.194 ; debounce:u_debounce_wr|counter[0]  ; debounce:u_debounce_wr|counter[3]  ; CLOCK_50     ; CLOCK_50    ; 1.000        ; -0.049     ; 2.132      ;
; -1.194 ; debounce:u_debounce_wr|counter[0]  ; debounce:u_debounce_wr|counter[4]  ; CLOCK_50     ; CLOCK_50    ; 1.000        ; -0.049     ; 2.132      ;
; -1.194 ; debounce:u_debounce_wr|counter[0]  ; debounce:u_debounce_wr|counter[5]  ; CLOCK_50     ; CLOCK_50    ; 1.000        ; -0.049     ; 2.132      ;
; -1.194 ; debounce:u_debounce_wr|counter[0]  ; debounce:u_debounce_wr|counter[6]  ; CLOCK_50     ; CLOCK_50    ; 1.000        ; -0.049     ; 2.132      ;
; -1.194 ; debounce:u_debounce_wr|counter[0]  ; debounce:u_debounce_wr|counter[7]  ; CLOCK_50     ; CLOCK_50    ; 1.000        ; -0.049     ; 2.132      ;
; -1.194 ; debounce:u_debounce_wr|counter[0]  ; debounce:u_debounce_wr|counter[8]  ; CLOCK_50     ; CLOCK_50    ; 1.000        ; -0.049     ; 2.132      ;
; -1.192 ; debounce:u_debounce_wr|counter[12] ; debounce:u_debounce_wr|counter[10] ; CLOCK_50     ; CLOCK_50    ; 1.000        ; -0.040     ; 2.139      ;
; -1.192 ; debounce:u_debounce_wr|counter[12] ; debounce:u_debounce_wr|counter[11] ; CLOCK_50     ; CLOCK_50    ; 1.000        ; -0.040     ; 2.139      ;
; -1.192 ; debounce:u_debounce_wr|counter[12] ; debounce:u_debounce_wr|counter[12] ; CLOCK_50     ; CLOCK_50    ; 1.000        ; -0.040     ; 2.139      ;
; -1.192 ; debounce:u_debounce_wr|counter[12] ; debounce:u_debounce_wr|counter[14] ; CLOCK_50     ; CLOCK_50    ; 1.000        ; -0.040     ; 2.139      ;
; -1.186 ; debounce:u_debounce_wr|counter[2]  ; debounce:u_debounce_wr|counter[2]  ; CLOCK_50     ; CLOCK_50    ; 1.000        ; -0.040     ; 2.133      ;
; -1.186 ; debounce:u_debounce_wr|counter[2]  ; debounce:u_debounce_wr|counter[9]  ; CLOCK_50     ; CLOCK_50    ; 1.000        ; -0.040     ; 2.133      ;
; -1.184 ; debounce:u_debounce_rd|counter[11] ; debounce:u_debounce_rd|counter[12] ; CLOCK_50     ; CLOCK_50    ; 1.000        ; -0.040     ; 2.131      ;
; -1.184 ; debounce:u_debounce_rd|counter[11] ; debounce:u_debounce_rd|counter[10] ; CLOCK_50     ; CLOCK_50    ; 1.000        ; -0.040     ; 2.131      ;
; -1.184 ; debounce:u_debounce_rd|counter[11] ; debounce:u_debounce_rd|counter[11] ; CLOCK_50     ; CLOCK_50    ; 1.000        ; -0.040     ; 2.131      ;
; -1.184 ; debounce:u_debounce_rd|counter[11] ; debounce:u_debounce_rd|counter[14] ; CLOCK_50     ; CLOCK_50    ; 1.000        ; -0.040     ; 2.131      ;
; -1.168 ; debounce:u_debounce_wr|counter[0]  ; debounce:u_debounce_wr|counter[10] ; CLOCK_50     ; CLOCK_50    ; 1.000        ; -0.248     ; 1.907      ;
; -1.168 ; debounce:u_debounce_wr|counter[0]  ; debounce:u_debounce_wr|counter[11] ; CLOCK_50     ; CLOCK_50    ; 1.000        ; -0.248     ; 1.907      ;
; -1.168 ; debounce:u_debounce_wr|counter[0]  ; debounce:u_debounce_wr|counter[12] ; CLOCK_50     ; CLOCK_50    ; 1.000        ; -0.248     ; 1.907      ;
; -1.168 ; debounce:u_debounce_wr|counter[0]  ; debounce:u_debounce_wr|counter[14] ; CLOCK_50     ; CLOCK_50    ; 1.000        ; -0.248     ; 1.907      ;
; -1.166 ; debounce:u_debounce_rd|counter[10] ; debounce:u_debounce_rd|counter[9]  ; CLOCK_50     ; CLOCK_50    ; 1.000        ; -0.040     ; 2.113      ;
; -1.157 ; debounce:u_debounce_wr|counter[9]  ; debounce:u_debounce_wr|counter[0]  ; CLOCK_50     ; CLOCK_50    ; 1.000        ; 0.154      ; 2.298      ;
; -1.157 ; debounce:u_debounce_wr|counter[9]  ; debounce:u_debounce_wr|counter[1]  ; CLOCK_50     ; CLOCK_50    ; 1.000        ; 0.154      ; 2.298      ;
; -1.157 ; debounce:u_debounce_wr|counter[9]  ; debounce:u_debounce_wr|counter[3]  ; CLOCK_50     ; CLOCK_50    ; 1.000        ; 0.154      ; 2.298      ;
; -1.157 ; debounce:u_debounce_wr|counter[9]  ; debounce:u_debounce_wr|counter[4]  ; CLOCK_50     ; CLOCK_50    ; 1.000        ; 0.154      ; 2.298      ;
; -1.157 ; debounce:u_debounce_wr|counter[9]  ; debounce:u_debounce_wr|counter[5]  ; CLOCK_50     ; CLOCK_50    ; 1.000        ; 0.154      ; 2.298      ;
; -1.157 ; debounce:u_debounce_wr|counter[9]  ; debounce:u_debounce_wr|counter[6]  ; CLOCK_50     ; CLOCK_50    ; 1.000        ; 0.154      ; 2.298      ;
; -1.157 ; debounce:u_debounce_wr|counter[9]  ; debounce:u_debounce_wr|counter[7]  ; CLOCK_50     ; CLOCK_50    ; 1.000        ; 0.154      ; 2.298      ;
; -1.157 ; debounce:u_debounce_wr|counter[9]  ; debounce:u_debounce_wr|counter[8]  ; CLOCK_50     ; CLOCK_50    ; 1.000        ; 0.154      ; 2.298      ;
; -1.154 ; debounce:u_debounce_rd|counter[3]  ; debounce:u_debounce_rd|counter[9]  ; CLOCK_50     ; CLOCK_50    ; 1.000        ; -0.248     ; 1.893      ;
; -1.153 ; debounce:u_debounce_rd|counter[0]  ; debounce:u_debounce_rd|counter[9]  ; CLOCK_50     ; CLOCK_50    ; 1.000        ; -0.248     ; 1.892      ;
; -1.152 ; debounce:u_debounce_wr|counter[4]  ; debounce:u_debounce_wr|counter[2]  ; CLOCK_50     ; CLOCK_50    ; 1.000        ; -0.243     ; 1.896      ;
; -1.152 ; debounce:u_debounce_wr|counter[4]  ; debounce:u_debounce_wr|counter[9]  ; CLOCK_50     ; CLOCK_50    ; 1.000        ; -0.243     ; 1.896      ;
; -1.149 ; debounce:u_debounce_wr|counter[11] ; debounce:u_debounce_wr|counter[0]  ; CLOCK_50     ; CLOCK_50    ; 1.000        ; 0.159      ; 2.295      ;
; -1.149 ; debounce:u_debounce_wr|counter[11] ; debounce:u_debounce_wr|counter[1]  ; CLOCK_50     ; CLOCK_50    ; 1.000        ; 0.159      ; 2.295      ;
; -1.149 ; debounce:u_debounce_wr|counter[11] ; debounce:u_debounce_wr|counter[3]  ; CLOCK_50     ; CLOCK_50    ; 1.000        ; 0.159      ; 2.295      ;
; -1.149 ; debounce:u_debounce_wr|counter[11] ; debounce:u_debounce_wr|counter[4]  ; CLOCK_50     ; CLOCK_50    ; 1.000        ; 0.159      ; 2.295      ;
; -1.149 ; debounce:u_debounce_wr|counter[11] ; debounce:u_debounce_wr|counter[5]  ; CLOCK_50     ; CLOCK_50    ; 1.000        ; 0.159      ; 2.295      ;
; -1.149 ; debounce:u_debounce_wr|counter[11] ; debounce:u_debounce_wr|counter[6]  ; CLOCK_50     ; CLOCK_50    ; 1.000        ; 0.159      ; 2.295      ;
; -1.149 ; debounce:u_debounce_wr|counter[11] ; debounce:u_debounce_wr|counter[7]  ; CLOCK_50     ; CLOCK_50    ; 1.000        ; 0.159      ; 2.295      ;
; -1.149 ; debounce:u_debounce_wr|counter[11] ; debounce:u_debounce_wr|counter[8]  ; CLOCK_50     ; CLOCK_50    ; 1.000        ; 0.159      ; 2.295      ;
; -1.131 ; debounce:u_debounce_wr|counter[9]  ; debounce:u_debounce_wr|counter[10] ; CLOCK_50     ; CLOCK_50    ; 1.000        ; -0.045     ; 2.073      ;
; -1.131 ; debounce:u_debounce_wr|counter[9]  ; debounce:u_debounce_wr|counter[11] ; CLOCK_50     ; CLOCK_50    ; 1.000        ; -0.045     ; 2.073      ;
; -1.131 ; debounce:u_debounce_wr|counter[9]  ; debounce:u_debounce_wr|counter[12] ; CLOCK_50     ; CLOCK_50    ; 1.000        ; -0.045     ; 2.073      ;
; -1.131 ; debounce:u_debounce_wr|counter[9]  ; debounce:u_debounce_wr|counter[14] ; CLOCK_50     ; CLOCK_50    ; 1.000        ; -0.045     ; 2.073      ;
; -1.124 ; debounce:u_debounce_wr|counter[1]  ; debounce:u_debounce_wr|counter[0]  ; CLOCK_50     ; CLOCK_50    ; 1.000        ; -0.049     ; 2.062      ;
; -1.124 ; debounce:u_debounce_wr|counter[1]  ; debounce:u_debounce_wr|counter[1]  ; CLOCK_50     ; CLOCK_50    ; 1.000        ; -0.049     ; 2.062      ;
; -1.124 ; debounce:u_debounce_wr|counter[1]  ; debounce:u_debounce_wr|counter[3]  ; CLOCK_50     ; CLOCK_50    ; 1.000        ; -0.049     ; 2.062      ;
; -1.124 ; debounce:u_debounce_wr|counter[1]  ; debounce:u_debounce_wr|counter[4]  ; CLOCK_50     ; CLOCK_50    ; 1.000        ; -0.049     ; 2.062      ;
; -1.124 ; debounce:u_debounce_wr|counter[1]  ; debounce:u_debounce_wr|counter[5]  ; CLOCK_50     ; CLOCK_50    ; 1.000        ; -0.049     ; 2.062      ;
; -1.124 ; debounce:u_debounce_wr|counter[1]  ; debounce:u_debounce_wr|counter[6]  ; CLOCK_50     ; CLOCK_50    ; 1.000        ; -0.049     ; 2.062      ;
; -1.124 ; debounce:u_debounce_wr|counter[1]  ; debounce:u_debounce_wr|counter[7]  ; CLOCK_50     ; CLOCK_50    ; 1.000        ; -0.049     ; 2.062      ;
; -1.124 ; debounce:u_debounce_wr|counter[1]  ; debounce:u_debounce_wr|counter[8]  ; CLOCK_50     ; CLOCK_50    ; 1.000        ; -0.049     ; 2.062      ;
; -1.123 ; debounce:u_debounce_wr|counter[11] ; debounce:u_debounce_wr|counter[10] ; CLOCK_50     ; CLOCK_50    ; 1.000        ; -0.040     ; 2.070      ;
; -1.123 ; debounce:u_debounce_wr|counter[11] ; debounce:u_debounce_wr|counter[11] ; CLOCK_50     ; CLOCK_50    ; 1.000        ; -0.040     ; 2.070      ;
; -1.123 ; debounce:u_debounce_wr|counter[11] ; debounce:u_debounce_wr|counter[12] ; CLOCK_50     ; CLOCK_50    ; 1.000        ; -0.040     ; 2.070      ;
; -1.123 ; debounce:u_debounce_wr|counter[11] ; debounce:u_debounce_wr|counter[14] ; CLOCK_50     ; CLOCK_50    ; 1.000        ; -0.040     ; 2.070      ;
; -1.122 ; debounce:u_debounce_rd|counter[10] ; debounce:u_debounce_rd|counter[0]  ; CLOCK_50     ; CLOCK_50    ; 1.000        ; 0.160      ; 2.269      ;
; -1.122 ; debounce:u_debounce_rd|counter[10] ; debounce:u_debounce_rd|counter[1]  ; CLOCK_50     ; CLOCK_50    ; 1.000        ; 0.160      ; 2.269      ;
; -1.122 ; debounce:u_debounce_rd|counter[10] ; debounce:u_debounce_rd|counter[2]  ; CLOCK_50     ; CLOCK_50    ; 1.000        ; 0.160      ; 2.269      ;
; -1.122 ; debounce:u_debounce_rd|counter[10] ; debounce:u_debounce_rd|counter[3]  ; CLOCK_50     ; CLOCK_50    ; 1.000        ; 0.160      ; 2.269      ;
; -1.122 ; debounce:u_debounce_rd|counter[10] ; debounce:u_debounce_rd|counter[4]  ; CLOCK_50     ; CLOCK_50    ; 1.000        ; 0.160      ; 2.269      ;
; -1.122 ; debounce:u_debounce_rd|counter[10] ; debounce:u_debounce_rd|counter[5]  ; CLOCK_50     ; CLOCK_50    ; 1.000        ; 0.160      ; 2.269      ;
; -1.122 ; debounce:u_debounce_rd|counter[10] ; debounce:u_debounce_rd|counter[6]  ; CLOCK_50     ; CLOCK_50    ; 1.000        ; 0.160      ; 2.269      ;
; -1.122 ; debounce:u_debounce_rd|counter[10] ; debounce:u_debounce_rd|counter[7]  ; CLOCK_50     ; CLOCK_50    ; 1.000        ; 0.160      ; 2.269      ;
; -1.122 ; debounce:u_debounce_rd|counter[10] ; debounce:u_debounce_rd|counter[8]  ; CLOCK_50     ; CLOCK_50    ; 1.000        ; 0.160      ; 2.269      ;
+--------+------------------------------------+------------------------------------+--------------+-------------+--------------+------------+------------+


+---------------------------------------------------------------------------------------------------------------------------------------------------------+
; Fast 1200mV 0C Model Hold: 'CLOCK_50'                                                                                                                   ;
+-------+-------------------------------------+-------------------------------------+--------------+-------------+--------------+------------+------------+
; Slack ; From Node                           ; To Node                             ; Launch Clock ; Latch Clock ; Relationship ; Clock Skew ; Data Delay ;
+-------+-------------------------------------+-------------------------------------+--------------+-------------+--------------+------------+------------+
; 0.182 ; debounce:u_debounce_rd|btn_out      ; debounce:u_debounce_rd|btn_out      ; CLOCK_50     ; CLOCK_50    ; 0.000        ; 0.041      ; 0.307      ;
; 0.182 ; debounce:u_debounce_rst|btn_out     ; debounce:u_debounce_rst|btn_out     ; CLOCK_50     ; CLOCK_50    ; 0.000        ; 0.041      ; 0.307      ;
; 0.183 ; sync_fifo:u_fifo|wr_ptr[2]          ; sync_fifo:u_fifo|wr_ptr[2]          ; CLOCK_50     ; CLOCK_50    ; 0.000        ; 0.040      ; 0.307      ;
; 0.183 ; debounce:u_debounce_wr|btn_out      ; debounce:u_debounce_wr|btn_out      ; CLOCK_50     ; CLOCK_50    ; 0.000        ; 0.040      ; 0.307      ;
; 0.184 ; sync_fifo:u_fifo|rd_ptr[0]          ; sync_fifo:u_fifo|rd_ptr[0]          ; CLOCK_50     ; CLOCK_50    ; 0.000        ; 0.039      ; 0.307      ;
; 0.184 ; sync_fifo:u_fifo|rd_ptr[1]          ; sync_fifo:u_fifo|rd_ptr[1]          ; CLOCK_50     ; CLOCK_50    ; 0.000        ; 0.039      ; 0.307      ;
; 0.184 ; sync_fifo:u_fifo|rd_ptr[2]          ; sync_fifo:u_fifo|rd_ptr[2]          ; CLOCK_50     ; CLOCK_50    ; 0.000        ; 0.039      ; 0.307      ;
; 0.184 ; sync_fifo:u_fifo|rd_ptr[3]          ; sync_fifo:u_fifo|rd_ptr[3]          ; CLOCK_50     ; CLOCK_50    ; 0.000        ; 0.039      ; 0.307      ;
; 0.184 ; sync_fifo:u_fifo|wr_ptr[1]          ; sync_fifo:u_fifo|wr_ptr[1]          ; CLOCK_50     ; CLOCK_50    ; 0.000        ; 0.039      ; 0.307      ;
; 0.184 ; sync_fifo:u_fifo|wr_ptr[3]          ; sync_fifo:u_fifo|wr_ptr[3]          ; CLOCK_50     ; CLOCK_50    ; 0.000        ; 0.039      ; 0.307      ;
; 0.184 ; sync_fifo:u_fifo|wr_ptr[0]          ; sync_fifo:u_fifo|wr_ptr[0]          ; CLOCK_50     ; CLOCK_50    ; 0.000        ; 0.039      ; 0.307      ;
; 0.185 ; debounce:u_debounce_rd|counter[19]  ; debounce:u_debounce_rd|counter[19]  ; CLOCK_50     ; CLOCK_50    ; 0.000        ; 0.049      ; 0.318      ;
; 0.186 ; debounce:u_debounce_wr|counter[19]  ; debounce:u_debounce_wr|counter[19]  ; CLOCK_50     ; CLOCK_50    ; 0.000        ; 0.048      ; 0.318      ;
; 0.240 ; debounce:u_debounce_rst|counter[3]  ; debounce:u_debounce_rst|counter[4]  ; CLOCK_50     ; CLOCK_50    ; 0.000        ; 0.244      ; 0.568      ;
; 0.249 ; debounce:u_debounce_rst|counter[0]  ; debounce:u_debounce_rst|counter[1]  ; CLOCK_50     ; CLOCK_50    ; 0.000        ; 0.244      ; 0.577      ;
; 0.251 ; debounce:u_debounce_wr|counter[2]   ; debounce:u_debounce_wr|counter[3]   ; CLOCK_50     ; CLOCK_50    ; 0.000        ; 0.243      ; 0.578      ;
; 0.252 ; debounce:u_debounce_rst|counter[0]  ; debounce:u_debounce_rst|counter[2]  ; CLOCK_50     ; CLOCK_50    ; 0.000        ; 0.244      ; 0.580      ;
; 0.254 ; debounce:u_debounce_wr|counter[2]   ; debounce:u_debounce_wr|counter[4]   ; CLOCK_50     ; CLOCK_50    ; 0.000        ; 0.243      ; 0.581      ;
; 0.268 ; debounce:u_debounce_rd|counter[14]  ; debounce:u_debounce_rd|counter[15]  ; CLOCK_50     ; CLOCK_50    ; 0.000        ; 0.243      ; 0.595      ;
; 0.269 ; debounce:u_debounce_wr|counter[14]  ; debounce:u_debounce_wr|counter[15]  ; CLOCK_50     ; CLOCK_50    ; 0.000        ; 0.242      ; 0.595      ;
; 0.271 ; debounce:u_debounce_rd|counter[14]  ; debounce:u_debounce_rd|counter[16]  ; CLOCK_50     ; CLOCK_50    ; 0.000        ; 0.243      ; 0.598      ;
; 0.272 ; debounce:u_debounce_wr|counter[14]  ; debounce:u_debounce_wr|counter[16]  ; CLOCK_50     ; CLOCK_50    ; 0.000        ; 0.242      ; 0.598      ;
; 0.284 ; debounce:u_debounce_wr|counter[7]   ; debounce:u_debounce_wr|counter[7]   ; CLOCK_50     ; CLOCK_50    ; 0.000        ; 0.049      ; 0.417      ;
; 0.284 ; debounce:u_debounce_rd|counter[13]  ; debounce:u_debounce_rd|counter[13]  ; CLOCK_50     ; CLOCK_50    ; 0.000        ; 0.049      ; 0.417      ;
; 0.284 ; debounce:u_debounce_rst|counter[7]  ; debounce:u_debounce_rst|counter[7]  ; CLOCK_50     ; CLOCK_50    ; 0.000        ; 0.049      ; 0.417      ;
; 0.285 ; debounce:u_debounce_wr|counter[5]   ; debounce:u_debounce_wr|counter[5]   ; CLOCK_50     ; CLOCK_50    ; 0.000        ; 0.049      ; 0.418      ;
; 0.285 ; debounce:u_debounce_wr|counter[13]  ; debounce:u_debounce_wr|counter[13]  ; CLOCK_50     ; CLOCK_50    ; 0.000        ; 0.048      ; 0.417      ;
; 0.285 ; debounce:u_debounce_rd|counter[7]   ; debounce:u_debounce_rd|counter[7]   ; CLOCK_50     ; CLOCK_50    ; 0.000        ; 0.048      ; 0.417      ;
; 0.285 ; debounce:u_debounce_rst|counter[5]  ; debounce:u_debounce_rst|counter[5]  ; CLOCK_50     ; CLOCK_50    ; 0.000        ; 0.049      ; 0.418      ;
; 0.285 ; debounce:u_debounce_wr|counter[3]   ; debounce:u_debounce_wr|counter[3]   ; CLOCK_50     ; CLOCK_50    ; 0.000        ; 0.049      ; 0.418      ;
; 0.286 ; debounce:u_debounce_wr|counter[1]   ; debounce:u_debounce_wr|counter[1]   ; CLOCK_50     ; CLOCK_50    ; 0.000        ; 0.049      ; 0.419      ;
; 0.286 ; debounce:u_debounce_rd|counter[5]   ; debounce:u_debounce_rd|counter[5]   ; CLOCK_50     ; CLOCK_50    ; 0.000        ; 0.048      ; 0.418      ;
; 0.286 ; debounce:u_debounce_rd|counter[17]  ; debounce:u_debounce_rd|counter[17]  ; CLOCK_50     ; CLOCK_50    ; 0.000        ; 0.049      ; 0.419      ;
; 0.286 ; debounce:u_debounce_rst|counter[6]  ; debounce:u_debounce_rst|counter[6]  ; CLOCK_50     ; CLOCK_50    ; 0.000        ; 0.049      ; 0.419      ;
; 0.286 ; debounce:u_debounce_rst|counter[1]  ; debounce:u_debounce_rst|counter[1]  ; CLOCK_50     ; CLOCK_50    ; 0.000        ; 0.049      ; 0.419      ;
; 0.286 ; debounce:u_debounce_rst|counter[2]  ; debounce:u_debounce_rst|counter[2]  ; CLOCK_50     ; CLOCK_50    ; 0.000        ; 0.049      ; 0.419      ;
; 0.287 ; debounce:u_debounce_wr|counter[6]   ; debounce:u_debounce_wr|counter[6]   ; CLOCK_50     ; CLOCK_50    ; 0.000        ; 0.049      ; 0.420      ;
; 0.287 ; debounce:u_debounce_wr|counter[17]  ; debounce:u_debounce_wr|counter[17]  ; CLOCK_50     ; CLOCK_50    ; 0.000        ; 0.048      ; 0.419      ;
; 0.287 ; debounce:u_debounce_rd|counter[1]   ; debounce:u_debounce_rd|counter[1]   ; CLOCK_50     ; CLOCK_50    ; 0.000        ; 0.048      ; 0.419      ;
; 0.287 ; debounce:u_debounce_rd|counter[2]   ; debounce:u_debounce_rd|counter[2]   ; CLOCK_50     ; CLOCK_50    ; 0.000        ; 0.048      ; 0.419      ;
; 0.287 ; debounce:u_debounce_rd|counter[3]   ; debounce:u_debounce_rd|counter[3]   ; CLOCK_50     ; CLOCK_50    ; 0.000        ; 0.048      ; 0.419      ;
; 0.287 ; debounce:u_debounce_rd|counter[18]  ; debounce:u_debounce_rd|counter[18]  ; CLOCK_50     ; CLOCK_50    ; 0.000        ; 0.049      ; 0.420      ;
; 0.287 ; debounce:u_debounce_rd|counter[16]  ; debounce:u_debounce_rd|counter[16]  ; CLOCK_50     ; CLOCK_50    ; 0.000        ; 0.049      ; 0.420      ;
; 0.288 ; debounce:u_debounce_wr|counter[18]  ; debounce:u_debounce_wr|counter[18]  ; CLOCK_50     ; CLOCK_50    ; 0.000        ; 0.048      ; 0.420      ;
; 0.288 ; debounce:u_debounce_rd|counter[6]   ; debounce:u_debounce_rd|counter[6]   ; CLOCK_50     ; CLOCK_50    ; 0.000        ; 0.048      ; 0.420      ;
; 0.288 ; debounce:u_debounce_wr|counter[16]  ; debounce:u_debounce_wr|counter[16]  ; CLOCK_50     ; CLOCK_50    ; 0.000        ; 0.048      ; 0.420      ;
; 0.290 ; debounce:u_debounce_wr|btn_sync_0   ; debounce:u_debounce_wr|btn_sync_1   ; CLOCK_50     ; CLOCK_50    ; 0.000        ; 0.040      ; 0.414      ;
; 0.293 ; debounce:u_debounce_wr|counter[8]   ; debounce:u_debounce_wr|counter[8]   ; CLOCK_50     ; CLOCK_50    ; 0.000        ; 0.049      ; 0.426      ;
; 0.293 ; debounce:u_debounce_rst|counter[10] ; debounce:u_debounce_rst|counter[10] ; CLOCK_50     ; CLOCK_50    ; 0.000        ; 0.041      ; 0.418      ;
; 0.293 ; debounce:u_debounce_rst|counter[11] ; debounce:u_debounce_rst|counter[11] ; CLOCK_50     ; CLOCK_50    ; 0.000        ; 0.041      ; 0.418      ;
; 0.293 ; debounce:u_debounce_rst|counter[15] ; debounce:u_debounce_rst|counter[15] ; CLOCK_50     ; CLOCK_50    ; 0.000        ; 0.041      ; 0.418      ;
; 0.294 ; debounce:u_debounce_wr|counter[10]  ; debounce:u_debounce_wr|counter[10]  ; CLOCK_50     ; CLOCK_50    ; 0.000        ; 0.040      ; 0.418      ;
; 0.294 ; debounce:u_debounce_wr|counter[11]  ; debounce:u_debounce_wr|counter[11]  ; CLOCK_50     ; CLOCK_50    ; 0.000        ; 0.040      ; 0.418      ;
; 0.294 ; debounce:u_debounce_rd|counter[8]   ; debounce:u_debounce_rd|counter[8]   ; CLOCK_50     ; CLOCK_50    ; 0.000        ; 0.048      ; 0.426      ;
; 0.294 ; debounce:u_debounce_rd|counter[10]  ; debounce:u_debounce_rd|counter[10]  ; CLOCK_50     ; CLOCK_50    ; 0.000        ; 0.040      ; 0.418      ;
; 0.294 ; debounce:u_debounce_rst|counter[3]  ; debounce:u_debounce_rst|counter[3]  ; CLOCK_50     ; CLOCK_50    ; 0.000        ; 0.041      ; 0.419      ;
; 0.294 ; debounce:u_debounce_rst|counter[17] ; debounce:u_debounce_rst|counter[17] ; CLOCK_50     ; CLOCK_50    ; 0.000        ; 0.041      ; 0.419      ;
; 0.294 ; debounce:u_debounce_rst|counter[4]  ; debounce:u_debounce_rst|counter[4]  ; CLOCK_50     ; CLOCK_50    ; 0.000        ; 0.049      ; 0.427      ;
; 0.294 ; debounce:u_debounce_wr|counter[4]   ; debounce:u_debounce_wr|counter[4]   ; CLOCK_50     ; CLOCK_50    ; 0.000        ; 0.049      ; 0.427      ;
; 0.295 ; debounce:u_debounce_wr|counter[0]   ; debounce:u_debounce_wr|counter[0]   ; CLOCK_50     ; CLOCK_50    ; 0.000        ; 0.049      ; 0.428      ;
; 0.295 ; debounce:u_debounce_rd|counter[4]   ; debounce:u_debounce_rd|counter[4]   ; CLOCK_50     ; CLOCK_50    ; 0.000        ; 0.048      ; 0.427      ;
; 0.295 ; debounce:u_debounce_rst|counter[12] ; debounce:u_debounce_rst|counter[12] ; CLOCK_50     ; CLOCK_50    ; 0.000        ; 0.041      ; 0.420      ;
; 0.295 ; debounce:u_debounce_rst|counter[18] ; debounce:u_debounce_rst|counter[18] ; CLOCK_50     ; CLOCK_50    ; 0.000        ; 0.041      ; 0.420      ;
; 0.295 ; debounce:u_debounce_rst|counter[16] ; debounce:u_debounce_rst|counter[16] ; CLOCK_50     ; CLOCK_50    ; 0.000        ; 0.041      ; 0.420      ;
; 0.296 ; debounce:u_debounce_wr|counter[2]   ; debounce:u_debounce_wr|counter[2]   ; CLOCK_50     ; CLOCK_50    ; 0.000        ; 0.040      ; 0.420      ;
; 0.296 ; debounce:u_debounce_rd|counter[0]   ; debounce:u_debounce_rd|counter[0]   ; CLOCK_50     ; CLOCK_50    ; 0.000        ; 0.048      ; 0.428      ;
; 0.299 ; debounce:u_debounce_rst|counter[9]  ; debounce:u_debounce_rst|counter[9]  ; CLOCK_50     ; CLOCK_50    ; 0.000        ; 0.041      ; 0.424      ;
; 0.300 ; debounce:u_debounce_wr|counter[9]   ; debounce:u_debounce_wr|counter[9]   ; CLOCK_50     ; CLOCK_50    ; 0.000        ; 0.040      ; 0.424      ;
; 0.301 ; debounce:u_debounce_rst|counter[8]  ; debounce:u_debounce_rst|counter[8]  ; CLOCK_50     ; CLOCK_50    ; 0.000        ; 0.041      ; 0.426      ;
; 0.303 ; debounce:u_debounce_rst|counter[0]  ; debounce:u_debounce_rst|counter[0]  ; CLOCK_50     ; CLOCK_50    ; 0.000        ; 0.041      ; 0.428      ;
; 0.303 ; debounce:u_debounce_rst|counter[3]  ; debounce:u_debounce_rst|counter[5]  ; CLOCK_50     ; CLOCK_50    ; 0.000        ; 0.244      ; 0.631      ;
; 0.304 ; debounce:u_debounce_wr|counter[11]  ; debounce:u_debounce_wr|counter[13]  ; CLOCK_50     ; CLOCK_50    ; 0.000        ; 0.242      ; 0.630      ;
; 0.306 ; debounce:u_debounce_rst|counter[3]  ; debounce:u_debounce_rst|counter[6]  ; CLOCK_50     ; CLOCK_50    ; 0.000        ; 0.244      ; 0.634      ;
; 0.311 ; debounce:u_debounce_rst|counter[14] ; debounce:u_debounce_rst|counter[14] ; CLOCK_50     ; CLOCK_50    ; 0.000        ; 0.041      ; 0.436      ;
; 0.312 ; debounce:u_debounce_rst|btn_sync_1  ; debounce:u_debounce_rst|btn_out     ; CLOCK_50     ; CLOCK_50    ; 0.000        ; 0.041      ; 0.437      ;
; 0.313 ; debounce:u_debounce_wr|counter[14]  ; debounce:u_debounce_wr|counter[14]  ; CLOCK_50     ; CLOCK_50    ; 0.000        ; 0.040      ; 0.437      ;
; 0.313 ; debounce:u_debounce_rd|counter[14]  ; debounce:u_debounce_rd|counter[14]  ; CLOCK_50     ; CLOCK_50    ; 0.000        ; 0.040      ; 0.437      ;
; 0.314 ; debounce:u_debounce_rd|btn_sync_0   ; debounce:u_debounce_rd|btn_sync_1   ; CLOCK_50     ; CLOCK_50    ; 0.000        ; 0.041      ; 0.439      ;
; 0.315 ; debounce:u_debounce_rd|counter[10]  ; debounce:u_debounce_rd|counter[13]  ; CLOCK_50     ; CLOCK_50    ; 0.000        ; 0.243      ; 0.642      ;
; 0.316 ; debounce:u_debounce_wr|counter[10]  ; debounce:u_debounce_wr|counter[13]  ; CLOCK_50     ; CLOCK_50    ; 0.000        ; 0.242      ; 0.642      ;
; 0.317 ; debounce:u_debounce_wr|counter[2]   ; debounce:u_debounce_wr|counter[5]   ; CLOCK_50     ; CLOCK_50    ; 0.000        ; 0.243      ; 0.644      ;
; 0.317 ; debounce:u_debounce_wr|counter[12]  ; debounce:u_debounce_wr|counter[13]  ; CLOCK_50     ; CLOCK_50    ; 0.000        ; 0.242      ; 0.643      ;
; 0.318 ; sync_fifo:u_fifo|rd_ptr[0]          ; sync_fifo:u_fifo|rd_ptr[1]          ; CLOCK_50     ; CLOCK_50    ; 0.000        ; 0.039      ; 0.441      ;
; 0.318 ; debounce:u_debounce_rst|counter[0]  ; debounce:u_debounce_rst|counter[4]  ; CLOCK_50     ; CLOCK_50    ; 0.000        ; 0.244      ; 0.646      ;
; 0.320 ; debounce:u_debounce_wr|counter[2]   ; debounce:u_debounce_wr|counter[6]   ; CLOCK_50     ; CLOCK_50    ; 0.000        ; 0.243      ; 0.647      ;
; 0.323 ; debounce:u_debounce_rd|counter[12]  ; debounce:u_debounce_rd|counter[13]  ; CLOCK_50     ; CLOCK_50    ; 0.000        ; 0.243      ; 0.650      ;
; 0.324 ; debounce:u_debounce_rd|btn_sync_1   ; debounce:u_debounce_rd|btn_out      ; CLOCK_50     ; CLOCK_50    ; 0.000        ; 0.041      ; 0.449      ;
; 0.326 ; debounce:u_debounce_wr|btn_sync_1   ; debounce:u_debounce_wr|btn_out      ; CLOCK_50     ; CLOCK_50    ; 0.000        ; 0.040      ; 0.450      ;
; 0.334 ; debounce:u_debounce_rd|counter[14]  ; debounce:u_debounce_rd|counter[17]  ; CLOCK_50     ; CLOCK_50    ; 0.000        ; 0.243      ; 0.661      ;
; 0.335 ; debounce:u_debounce_wr|counter[14]  ; debounce:u_debounce_wr|counter[17]  ; CLOCK_50     ; CLOCK_50    ; 0.000        ; 0.242      ; 0.661      ;
; 0.337 ; debounce:u_debounce_rd|counter[14]  ; debounce:u_debounce_rd|counter[18]  ; CLOCK_50     ; CLOCK_50    ; 0.000        ; 0.243      ; 0.664      ;
; 0.338 ; debounce:u_debounce_wr|counter[14]  ; debounce:u_debounce_wr|counter[18]  ; CLOCK_50     ; CLOCK_50    ; 0.000        ; 0.242      ; 0.664      ;
; 0.339 ; sync_fifo:u_fifo|rd_ptr[2]          ; displayed_data[4]                   ; CLOCK_50     ; CLOCK_50    ; 0.000        ; 0.039      ; 0.462      ;
; 0.340 ; sync_fifo:u_fifo|rd_ptr[2]          ; displayed_data[6]                   ; CLOCK_50     ; CLOCK_50    ; 0.000        ; 0.039      ; 0.463      ;
; 0.340 ; sync_fifo:u_fifo|rd_ptr[2]          ; displayed_data[1]                   ; CLOCK_50     ; CLOCK_50    ; 0.000        ; 0.039      ; 0.463      ;
; 0.351 ; sync_fifo:u_fifo|rd_ptr[2]          ; displayed_data[7]                   ; CLOCK_50     ; CLOCK_50    ; 0.000        ; 0.039      ; 0.474      ;
; 0.354 ; sync_fifo:u_fifo|rd_ptr[2]          ; displayed_data[5]                   ; CLOCK_50     ; CLOCK_50    ; 0.000        ; 0.039      ; 0.477      ;
; 0.355 ; debounce:u_debounce_rd|counter[15]  ; debounce:u_debounce_rd|counter[15]  ; CLOCK_50     ; CLOCK_50    ; 0.000        ; 0.049      ; 0.488      ;
; 0.356 ; debounce:u_debounce_wr|counter[15]  ; debounce:u_debounce_wr|counter[15]  ; CLOCK_50     ; CLOCK_50    ; 0.000        ; 0.048      ; 0.488      ;
; 0.359 ; debounce:u_debounce_rst|counter[19] ; debounce:u_debounce_rst|counter[19] ; CLOCK_50     ; CLOCK_50    ; 0.000        ; 0.041      ; 0.484      ;
+-------+-------------------------------------+-------------------------------------+--------------+-------------+--------------+------------+------------+


----------------------------------------------
; Fast 1200mV 0C Model Metastability Summary ;
----------------------------------------------
The design MTBF is not calculated because there are no specified synchronizers in the design.
Number of Synchronizer Chains Found: 1
Shortest Synchronizer Chain: 2 Registers
Fraction of Chains for which MTBFs Could Not be Calculated: 1.000
Worst Case Available Settling Time: 0.342 ns




+--------------------------------------------------------------------------------+
; Multicorner Timing Analysis Summary                                            ;
+------------------+----------+-------+----------+---------+---------------------+
; Clock            ; Setup    ; Hold  ; Recovery ; Removal ; Minimum Pulse Width ;
+------------------+----------+-------+----------+---------+---------------------+
; Worst-case Slack ; -4.070   ; 0.182 ; N/A      ; N/A     ; -3.000              ;
;  CLOCK_50        ; -4.070   ; 0.182 ; N/A      ; N/A     ; -3.000              ;
; Design-wide TNS  ; -453.951 ; 0.0   ; 0.0      ; 0.0     ; -200.15             ;
;  CLOCK_50        ; -453.951 ; 0.000 ; N/A      ; N/A     ; -200.150            ;
+------------------+----------+-------+----------+---------+---------------------+


+------------------------------------------------------------------------------------------------------------------------------------------------------------------------------------------------------------------------------------------------------------------------------------------------------------------------------------------------------------------------------------------------------------------+
; Board Trace Model Assignments                                                                                                                                                                                                                                                                                                                                                                                    ;
+---------------+--------------+-------------------+-------------------------+-------------------------+---------------+---------------------+----------------+------------------+--------+------------------+------------------------+------------------------+--------------+---------------+-----------------+-------+---------------------+--------------------+---------------+-----------------+-------------+
; Pin           ; I/O Standard ; Near Tline Length ; Near Tline L per Length ; Near Tline C per Length ; Near Series R ; Near Differential R ; Near Pull-up R ; Near Pull-down R ; Near C ; Far Tline Length ; Far Tline L per Length ; Far Tline C per Length ; Far Series R ; Far Pull-up R ; Far Pull-down R ; Far C ; Termination Voltage ; Far Differential R ; EBD File Name ; EBD Signal Name ; EBD Far-end ;
+---------------+--------------+-------------------+-------------------------+-------------------------+---------------+---------------------+----------------+------------------+--------+------------------+------------------------+------------------------+--------------+---------------+-----------------+-------+---------------------+--------------------+---------------+-----------------+-------------+
; LEDR[0]       ; 2.5 V        ; 0 in              ; 0 H/in                  ; 0 F/in                  ; short         ; -                   ; open           ; open             ; open   ; 0 in             ; 0 H/in                 ; 0 F/in                 ; short        ; open          ; open            ; open  ; 0 V                 ; -                  ; n/a           ; n/a             ; n/a         ;
; LEDR[1]       ; 2.5 V        ; 0 in              ; 0 H/in                  ; 0 F/in                  ; short         ; -                   ; open           ; open             ; open   ; 0 in             ; 0 H/in                 ; 0 F/in                 ; short        ; open          ; open            ; open  ; 0 V                 ; -                  ; n/a           ; n/a             ; n/a         ;
; LEDR[2]       ; 2.5 V        ; 0 in              ; 0 H/in                  ; 0 F/in                  ; short         ; -                   ; open           ; open             ; open   ; 0 in             ; 0 H/in                 ; 0 F/in                 ; short        ; open          ; open            ; open  ; 0 V                 ; -                  ; n/a           ; n/a             ; n/a         ;
; LEDR[3]       ; 2.5 V        ; 0 in              ; 0 H/in                  ; 0 F/in                  ; short         ; -                   ; open           ; open             ; open   ; 0 in             ; 0 H/in                 ; 0 F/in                 ; short        ; open          ; open            ; open  ; 0 V                 ; -                  ; n/a           ; n/a             ; n/a         ;
; LEDR[4]       ; 2.5 V        ; 0 in              ; 0 H/in                  ; 0 F/in                  ; short         ; -                   ; open           ; open             ; open   ; 0 in             ; 0 H/in                 ; 0 F/in                 ; short        ; open          ; open            ; open  ; 0 V                 ; -                  ; n/a           ; n/a             ; n/a         ;
; LEDR[5]       ; 2.5 V        ; 0 in              ; 0 H/in                  ; 0 F/in                  ; short         ; -                   ; open           ; open             ; open   ; 0 in             ; 0 H/in                 ; 0 F/in                 ; short        ; open          ; open            ; open  ; 0 V                 ; -                  ; n/a           ; n/a             ; n/a         ;
; LEDR[6]       ; 2.5 V        ; 0 in              ; 0 H/in                  ; 0 F/in                  ; short         ; -                   ; open           ; open             ; open   ; 0 in             ; 0 H/in                 ; 0 F/in                 ; short        ; open          ; open            ; open  ; 0 V                 ; -                  ; n/a           ; n/a             ; n/a         ;
; LEDR[7]       ; 2.5 V        ; 0 in              ; 0 H/in                  ; 0 F/in                  ; short         ; -                   ; open           ; open             ; open   ; 0 in             ; 0 H/in                 ; 0 F/in                 ; short        ; open          ; open            ; open  ; 0 V                 ; -                  ; n/a           ; n/a             ; n/a         ;
; LEDR[8]       ; 2.5 V        ; 0 in              ; 0 H/in                  ; 0 F/in                  ; short         ; -                   ; open           ; open             ; open   ; 0 in             ; 0 H/in                 ; 0 F/in                 ; short        ; open          ; open            ; open  ; 0 V                 ; -                  ; n/a           ; n/a             ; n/a         ;
; LEDR[9]       ; 2.5 V        ; 0 in              ; 0 H/in                  ; 0 F/in                  ; short         ; -                   ; open           ; open             ; open   ; 0 in             ; 0 H/in                 ; 0 F/in                 ; short        ; open          ; open            ; open  ; 0 V                 ; -                  ; n/a           ; n/a             ; n/a         ;
; ~ALTERA_DCLK~ ; 2.5 V        ; 0 in              ; 0 H/in                  ; 0 F/in                  ; short         ; -                   ; open           ; open             ; open   ; 0 in             ; 0 H/in                 ; 0 F/in                 ; short        ; open          ; open            ; open  ; 0 V                 ; -                  ; n/a           ; n/a             ; n/a         ;
; ~ALTERA_nCEO~ ; 3.3-V LVTTL  ; 0 in              ; 0 H/in                  ; 0 F/in                  ; short         ; -                   ; open           ; open             ; open   ; 0 in             ; 0 H/in                 ; 0 F/in                 ; short        ; open          ; open            ; open  ; 0 V                 ; -                  ; n/a           ; n/a             ; n/a         ;
+---------------+--------------+-------------------+-------------------------+-------------------------+---------------+---------------------+----------------+------------------+--------+------------------+------------------------+------------------------+--------------+---------------+-----------------+-------+---------------------+--------------------+---------------+-----------------+-------------+


+----------------------------------------------------------------------------+
; Input Transition Times                                                     ;
+-------------------------+--------------+-----------------+-----------------+
; Pin                     ; I/O Standard ; 10-90 Rise Time ; 90-10 Fall Time ;
+-------------------------+--------------+-----------------+-----------------+
; CLOCK_50                ; 3.3-V LVTTL  ; 2640 ps         ; 2640 ps         ;
; SW[0]                   ; 3.3-V LVTTL  ; 2640 ps         ; 2640 ps         ;
; SW[1]                   ; 3.3-V LVTTL  ; 2640 ps         ; 2640 ps         ;
; SW[2]                   ; 3.3-V LVTTL  ; 2640 ps         ; 2640 ps         ;
; SW[3]                   ; 3.3-V LVTTL  ; 2640 ps         ; 2640 ps         ;
; SW[4]                   ; 3.3-V LVTTL  ; 2640 ps         ; 2640 ps         ;
; SW[5]                   ; 3.3-V LVTTL  ; 2640 ps         ; 2640 ps         ;
; SW[6]                   ; 3.3-V LVTTL  ; 2640 ps         ; 2640 ps         ;
; SW[7]                   ; 3.3-V LVTTL  ; 2640 ps         ; 2640 ps         ;
; KEY[2]                  ; 3.3-V LVTTL  ; 2640 ps         ; 2640 ps         ;
; KEY[1]                  ; 3.3-V LVTTL  ; 2640 ps         ; 2640 ps         ;
; KEY[0]                  ; 3.3-V LVTTL  ; 2640 ps         ; 2640 ps         ;
; ~ALTERA_ASDO_DATA1~     ; 2.5 V        ; 2000 ps         ; 2000 ps         ;
; ~ALTERA_FLASH_nCE_nCSO~ ; 2.5 V        ; 2000 ps         ; 2000 ps         ;
; ~ALTERA_DATA0~          ; 2.5 V        ; 2000 ps         ; 2000 ps         ;
+-------------------------+--------------+-----------------+-----------------+


+--------------------------------------------------------------------------------------------------------------------------------------------------------------------------------------------------------------------------------------------------------------------------------------------------------------------------------------------------------------------------------------------------------------------------------------------------------------------------------------------------------------------------------------------------------------------------------------------------------------------------------------------------------------------------------------------+
; Signal Integrity Metrics (Slow 1200mv 0c Model)                                                                                                                                                                                                                                                                                                                                                                                                                                                                                                                                                                                                                                            ;
+---------------+--------------+---------------------+---------------------+------------------------------+------------------------------+---------------------+---------------------+--------------------------------------+--------------------------------------+-----------------------------+-----------------------------+----------------------------+----------------------------+-----------------------------+-----------------------------+--------------------+--------------------+-------------------------------------+-------------------------------------+----------------------------+----------------------------+---------------------------+---------------------------+
; Pin           ; I/O Standard ; Board Delay on Rise ; Board Delay on Fall ; Steady State Voh at FPGA Pin ; Steady State Vol at FPGA Pin ; Voh Max at FPGA Pin ; Vol Min at FPGA Pin ; Ringback Voltage on Rise at FPGA Pin ; Ringback Voltage on Fall at FPGA Pin ; 10-90 Rise Time at FPGA Pin ; 90-10 Fall Time at FPGA Pin ; Monotonic Rise at FPGA Pin ; Monotonic Fall at FPGA Pin ; Steady State Voh at Far-end ; Steady State Vol at Far-end ; Voh Max at Far-end ; Vol Min at Far-end ; Ringback Voltage on Rise at Far-end ; Ringback Voltage on Fall at Far-end ; 10-90 Rise Time at Far-end ; 90-10 Fall Time at Far-end ; Monotonic Rise at Far-end ; Monotonic Fall at Far-end ;
+---------------+--------------+---------------------+---------------------+------------------------------+------------------------------+---------------------+---------------------+--------------------------------------+--------------------------------------+-----------------------------+-----------------------------+----------------------------+----------------------------+-----------------------------+-----------------------------+--------------------+--------------------+-------------------------------------+-------------------------------------+----------------------------+----------------------------+---------------------------+---------------------------+
; LEDR[0]       ; 2.5 V        ; 0 s                 ; 0 s                 ; 2.32 V                       ; 4.49e-09 V                   ; 2.38 V              ; -0.00552 V          ; 0.096 V                              ; 0.019 V                              ; 4.18e-10 s                  ; 3.59e-10 s                  ; No                         ; Yes                        ; 2.32 V                      ; 4.49e-09 V                  ; 2.38 V             ; -0.00552 V         ; 0.096 V                             ; 0.019 V                             ; 4.18e-10 s                 ; 3.59e-10 s                 ; No                        ; Yes                       ;
; LEDR[1]       ; 2.5 V        ; 0 s                 ; 0 s                 ; 2.32 V                       ; 4.49e-09 V                   ; 2.38 V              ; -0.00552 V          ; 0.096 V                              ; 0.019 V                              ; 4.18e-10 s                  ; 3.59e-10 s                  ; No                         ; Yes                        ; 2.32 V                      ; 4.49e-09 V                  ; 2.38 V             ; -0.00552 V         ; 0.096 V                             ; 0.019 V                             ; 4.18e-10 s                 ; 3.59e-10 s                 ; No                        ; Yes                       ;
; LEDR[2]       ; 2.5 V        ; 0 s                 ; 0 s                 ; 2.32 V                       ; 4.49e-09 V                   ; 2.38 V              ; -0.00552 V          ; 0.096 V                              ; 0.019 V                              ; 4.18e-10 s                  ; 3.59e-10 s                  ; No                         ; Yes                        ; 2.32 V                      ; 4.49e-09 V                  ; 2.38 V             ; -0.00552 V         ; 0.096 V                             ; 0.019 V                             ; 4.18e-10 s                 ; 3.59e-10 s                 ; No                        ; Yes                       ;
; LEDR[3]       ; 2.5 V        ; 0 s                 ; 0 s                 ; 2.32 V                       ; 4.49e-09 V                   ; 2.38 V              ; -0.00552 V          ; 0.096 V                              ; 0.019 V                              ; 4.18e-10 s                  ; 3.59e-10 s                  ; No                         ; Yes                        ; 2.32 V                      ; 4.49e-09 V                  ; 2.38 V             ; -0.00552 V         ; 0.096 V                             ; 0.019 V                             ; 4.18e-10 s                 ; 3.59e-10 s                 ; No                        ; Yes                       ;
; LEDR[4]       ; 2.5 V        ; 0 s                 ; 0 s                 ; 2.32 V                       ; 4.49e-09 V                   ; 2.38 V              ; -0.00552 V          ; 0.096 V                              ; 0.019 V                              ; 4.18e-10 s                  ; 3.59e-10 s                  ; No                         ; Yes                        ; 2.32 V                      ; 4.49e-09 V                  ; 2.38 V             ; -0.00552 V         ; 0.096 V                             ; 0.019 V                             ; 4.18e-10 s                 ; 3.59e-10 s                 ; No                        ; Yes                       ;
; LEDR[5]       ; 2.5 V        ; 0 s                 ; 0 s                 ; 2.32 V                       ; 4.49e-09 V                   ; 2.38 V              ; -0.00552 V          ; 0.096 V                              ; 0.019 V                              ; 4.18e-10 s                  ; 3.59e-10 s                  ; No                         ; Yes                        ; 2.32 V                      ; 4.49e-09 V                  ; 2.38 V             ; -0.00552 V         ; 0.096 V                             ; 0.019 V                             ; 4.18e-10 s                 ; 3.59e-10 s                 ; No                        ; Yes                       ;
; LEDR[6]       ; 2.5 V        ; 0 s                 ; 0 s                 ; 2.32 V                       ; 4.49e-09 V                   ; 2.38 V              ; -0.00552 V          ; 0.096 V                              ; 0.019 V                              ; 4.18e-10 s                  ; 3.59e-10 s                  ; No                         ; Yes                        ; 2.32 V                      ; 4.49e-09 V                  ; 2.38 V             ; -0.00552 V         ; 0.096 V                             ; 0.019 V                             ; 4.18e-10 s                 ; 3.59e-10 s                 ; No                        ; Yes                       ;
; LEDR[7]       ; 2.5 V        ; 0 s                 ; 0 s                 ; 2.32 V                       ; 4.49e-09 V                   ; 2.38 V              ; -0.00552 V          ; 0.096 V                              ; 0.019 V                              ; 4.18e-10 s                  ; 3.59e-10 s                  ; No                         ; Yes                        ; 2.32 V                      ; 4.49e-09 V                  ; 2.38 V             ; -0.00552 V         ; 0.096 V                             ; 0.019 V                             ; 4.18e-10 s                 ; 3.59e-10 s                 ; No                        ; Yes                       ;
; LEDR[8]       ; 2.5 V        ; 0 s                 ; 0 s                 ; 2.32 V                       ; 4.49e-09 V                   ; 2.38 V              ; -0.00552 V          ; 0.096 V                              ; 0.019 V                              ; 4.18e-10 s                  ; 3.59e-10 s                  ; No                         ; Yes                        ; 2.32 V                      ; 4.49e-09 V                  ; 2.38 V             ; -0.00552 V         ; 0.096 V                             ; 0.019 V                             ; 4.18e-10 s                 ; 3.59e-10 s                 ; No                        ; Yes                       ;
; LEDR[9]       ; 2.5 V        ; 0 s                 ; 0 s                 ; 2.32 V                       ; 4.49e-09 V                   ; 2.33 V              ; -0.00467 V          ; 0.226 V                              ; 0.087 V                              ; 2.91e-09 s                  ; 2.74e-09 s                  ; Yes                        ; Yes                        ; 2.32 V                      ; 4.49e-09 V                  ; 2.33 V             ; -0.00467 V         ; 0.226 V                             ; 0.087 V                             ; 2.91e-09 s                 ; 2.74e-09 s                 ; Yes                       ; Yes                       ;
; ~ALTERA_DCLK~ ; 2.5 V        ; 0 s                 ; 0 s                 ; 2.32 V                       ; 2.67e-09 V                   ; 2.38 V              ; -0.0485 V           ; 0.167 V                              ; 0.096 V                              ; 2.95e-10 s                  ; 2.73e-10 s                  ; Yes                        ; Yes                        ; 2.32 V                      ; 2.67e-09 V                  ; 2.38 V             ; -0.0485 V          ; 0.167 V                             ; 0.096 V                             ; 2.95e-10 s                 ; 2.73e-10 s                 ; Yes                       ; Yes                       ;
; ~ALTERA_nCEO~ ; 3.3-V LVTTL  ; 0 s                 ; 0 s                 ; 3.08 V                       ; 1.11e-08 V                   ; 3.13 V              ; -0.0798 V           ; 0.192 V                              ; 0.22 V                               ; 8.68e-10 s                  ; 6.46e-10 s                  ; No                         ; No                         ; 3.08 V                      ; 1.11e-08 V                  ; 3.13 V             ; -0.0798 V          ; 0.192 V                             ; 0.22 V                              ; 8.68e-10 s                 ; 6.46e-10 s                 ; No                        ; No                        ;
+---------------+--------------+---------------------+---------------------+------------------------------+------------------------------+---------------------+---------------------+--------------------------------------+--------------------------------------+-----------------------------+-----------------------------+----------------------------+----------------------------+-----------------------------+-----------------------------+--------------------+--------------------+-------------------------------------+-------------------------------------+----------------------------+----------------------------+---------------------------+---------------------------+


+--------------------------------------------------------------------------------------------------------------------------------------------------------------------------------------------------------------------------------------------------------------------------------------------------------------------------------------------------------------------------------------------------------------------------------------------------------------------------------------------------------------------------------------------------------------------------------------------------------------------------------------------------------------------------------------------+
; Signal Integrity Metrics (Slow 1200mv 85c Model)                                                                                                                                                                                                                                                                                                                                                                                                                                                                                                                                                                                                                                           ;
+---------------+--------------+---------------------+---------------------+------------------------------+------------------------------+---------------------+---------------------+--------------------------------------+--------------------------------------+-----------------------------+-----------------------------+----------------------------+----------------------------+-----------------------------+-----------------------------+--------------------+--------------------+-------------------------------------+-------------------------------------+----------------------------+----------------------------+---------------------------+---------------------------+
; Pin           ; I/O Standard ; Board Delay on Rise ; Board Delay on Fall ; Steady State Voh at FPGA Pin ; Steady State Vol at FPGA Pin ; Voh Max at FPGA Pin ; Vol Min at FPGA Pin ; Ringback Voltage on Rise at FPGA Pin ; Ringback Voltage on Fall at FPGA Pin ; 10-90 Rise Time at FPGA Pin ; 90-10 Fall Time at FPGA Pin ; Monotonic Rise at FPGA Pin ; Monotonic Fall at FPGA Pin ; Steady State Voh at Far-end ; Steady State Vol at Far-end ; Voh Max at Far-end ; Vol Min at Far-end ; Ringback Voltage on Rise at Far-end ; Ringback Voltage on Fall at Far-end ; 10-90 Rise Time at Far-end ; 90-10 Fall Time at Far-end ; Monotonic Rise at Far-end ; Monotonic Fall at Far-end ;
+---------------+--------------+---------------------+---------------------+------------------------------+------------------------------+---------------------+---------------------+--------------------------------------+--------------------------------------+-----------------------------+-----------------------------+----------------------------+----------------------------+-----------------------------+-----------------------------+--------------------+--------------------+-------------------------------------+-------------------------------------+----------------------------+----------------------------+---------------------------+---------------------------+
; LEDR[0]       ; 2.5 V        ; 0 s                 ; 0 s                 ; 2.32 V                       ; 6.92e-07 V                   ; 2.35 V              ; -0.00996 V          ; 0.121 V                              ; 0.03 V                               ; 4.64e-10 s                  ; 4.47e-10 s                  ; Yes                        ; Yes                        ; 2.32 V                      ; 6.92e-07 V                  ; 2.35 V             ; -0.00996 V         ; 0.121 V                             ; 0.03 V                              ; 4.64e-10 s                 ; 4.47e-10 s                 ; Yes                       ; Yes                       ;
; LEDR[1]       ; 2.5 V        ; 0 s                 ; 0 s                 ; 2.32 V                       ; 6.92e-07 V                   ; 2.35 V              ; -0.00996 V          ; 0.121 V                              ; 0.03 V                               ; 4.64e-10 s                  ; 4.47e-10 s                  ; Yes                        ; Yes                        ; 2.32 V                      ; 6.92e-07 V                  ; 2.35 V             ; -0.00996 V         ; 0.121 V                             ; 0.03 V                              ; 4.64e-10 s                 ; 4.47e-10 s                 ; Yes                       ; Yes                       ;
; LEDR[2]       ; 2.5 V        ; 0 s                 ; 0 s                 ; 2.32 V                       ; 6.92e-07 V                   ; 2.35 V              ; -0.00996 V          ; 0.121 V                              ; 0.03 V                               ; 4.64e-10 s                  ; 4.47e-10 s                  ; Yes                        ; Yes                        ; 2.32 V                      ; 6.92e-07 V                  ; 2.35 V             ; -0.00996 V         ; 0.121 V                             ; 0.03 V                              ; 4.64e-10 s                 ; 4.47e-10 s                 ; Yes                       ; Yes                       ;
; LEDR[3]       ; 2.5 V        ; 0 s                 ; 0 s                 ; 2.32 V                       ; 6.92e-07 V                   ; 2.35 V              ; -0.00996 V          ; 0.121 V                              ; 0.03 V                               ; 4.64e-10 s                  ; 4.47e-10 s                  ; Yes                        ; Yes                        ; 2.32 V                      ; 6.92e-07 V                  ; 2.35 V             ; -0.00996 V         ; 0.121 V                             ; 0.03 V                              ; 4.64e-10 s                 ; 4.47e-10 s                 ; Yes                       ; Yes                       ;
; LEDR[4]       ; 2.5 V        ; 0 s                 ; 0 s                 ; 2.32 V                       ; 6.92e-07 V                   ; 2.35 V              ; -0.00996 V          ; 0.121 V                              ; 0.03 V                               ; 4.64e-10 s                  ; 4.47e-10 s                  ; Yes                        ; Yes                        ; 2.32 V                      ; 6.92e-07 V                  ; 2.35 V             ; -0.00996 V         ; 0.121 V                             ; 0.03 V                              ; 4.64e-10 s                 ; 4.47e-10 s                 ; Yes                       ; Yes                       ;
; LEDR[5]       ; 2.5 V        ; 0 s                 ; 0 s                 ; 2.32 V                       ; 6.92e-07 V                   ; 2.35 V              ; -0.00996 V          ; 0.121 V                              ; 0.03 V                               ; 4.64e-10 s                  ; 4.47e-10 s                  ; Yes                        ; Yes                        ; 2.32 V                      ; 6.92e-07 V                  ; 2.35 V             ; -0.00996 V         ; 0.121 V                             ; 0.03 V                              ; 4.64e-10 s                 ; 4.47e-10 s                 ; Yes                       ; Yes                       ;
; LEDR[6]       ; 2.5 V        ; 0 s                 ; 0 s                 ; 2.32 V                       ; 6.92e-07 V                   ; 2.35 V              ; -0.00996 V          ; 0.121 V                              ; 0.03 V                               ; 4.64e-10 s                  ; 4.47e-10 s                  ; Yes                        ; Yes                        ; 2.32 V                      ; 6.92e-07 V                  ; 2.35 V             ; -0.00996 V         ; 0.121 V                             ; 0.03 V                              ; 4.64e-10 s                 ; 4.47e-10 s                 ; Yes                       ; Yes                       ;
; LEDR[7]       ; 2.5 V        ; 0 s                 ; 0 s                 ; 2.32 V                       ; 6.92e-07 V                   ; 2.35 V              ; -0.00996 V          ; 0.121 V                              ; 0.03 V                               ; 4.64e-10 s                  ; 4.47e-10 s                  ; Yes                        ; Yes                        ; 2.32 V                      ; 6.92e-07 V                  ; 2.35 V             ; -0.00996 V         ; 0.121 V                             ; 0.03 V                              ; 4.64e-10 s                 ; 4.47e-10 s                 ; Yes                       ; Yes                       ;
; LEDR[8]       ; 2.5 V        ; 0 s                 ; 0 s                 ; 2.32 V                       ; 6.92e-07 V                   ; 2.35 V              ; -0.00996 V          ; 0.121 V                              ; 0.03 V                               ; 4.64e-10 s                  ; 4.47e-10 s                  ; Yes                        ; Yes                        ; 2.32 V                      ; 6.92e-07 V                  ; 2.35 V             ; -0.00996 V         ; 0.121 V                             ; 0.03 V                              ; 4.64e-10 s                 ; 4.47e-10 s                 ; Yes                       ; Yes                       ;
; LEDR[9]       ; 2.5 V        ; 0 s                 ; 0 s                 ; 2.32 V                       ; 6.92e-07 V                   ; 2.33 V              ; -0.00265 V          ; 0.133 V                              ; 0.056 V                              ; 3.55e-09 s                  ; 3.31e-09 s                  ; Yes                        ; Yes                        ; 2.32 V                      ; 6.92e-07 V                  ; 2.33 V             ; -0.00265 V         ; 0.133 V                             ; 0.056 V                             ; 3.55e-09 s                 ; 3.31e-09 s                 ; Yes                       ; Yes                       ;
; ~ALTERA_DCLK~ ; 2.5 V        ; 0 s                 ; 0 s                 ; 2.32 V                       ; 3.75e-07 V                   ; 2.35 V              ; -0.0109 V           ; 0.084 V                              ; 0.027 V                              ; 4.31e-10 s                  ; 3.61e-10 s                  ; Yes                        ; Yes                        ; 2.32 V                      ; 3.75e-07 V                  ; 2.35 V             ; -0.0109 V          ; 0.084 V                             ; 0.027 V                             ; 4.31e-10 s                 ; 3.61e-10 s                 ; Yes                       ; Yes                       ;
; ~ALTERA_nCEO~ ; 3.3-V LVTTL  ; 0 s                 ; 0 s                 ; 3.08 V                       ; 1.28e-06 V                   ; 3.11 V              ; -0.0528 V           ; 0.302 V                              ; 0.199 V                              ; 9.51e-10 s                  ; 8.47e-10 s                  ; Yes                        ; No                         ; 3.08 V                      ; 1.28e-06 V                  ; 3.11 V             ; -0.0528 V          ; 0.302 V                             ; 0.199 V                             ; 9.51e-10 s                 ; 8.47e-10 s                 ; Yes                       ; No                        ;
+---------------+--------------+---------------------+---------------------+------------------------------+------------------------------+---------------------+---------------------+--------------------------------------+--------------------------------------+-----------------------------+-----------------------------+----------------------------+----------------------------+-----------------------------+-----------------------------+--------------------+--------------------+-------------------------------------+-------------------------------------+----------------------------+----------------------------+---------------------------+---------------------------+


+--------------------------------------------------------------------------------------------------------------------------------------------------------------------------------------------------------------------------------------------------------------------------------------------------------------------------------------------------------------------------------------------------------------------------------------------------------------------------------------------------------------------------------------------------------------------------------------------------------------------------------------------------------------------------------------------+
; Signal Integrity Metrics (Fast 1200mv 0c Model)                                                                                                                                                                                                                                                                                                                                                                                                                                                                                                                                                                                                                                            ;
+---------------+--------------+---------------------+---------------------+------------------------------+------------------------------+---------------------+---------------------+--------------------------------------+--------------------------------------+-----------------------------+-----------------------------+----------------------------+----------------------------+-----------------------------+-----------------------------+--------------------+--------------------+-------------------------------------+-------------------------------------+----------------------------+----------------------------+---------------------------+---------------------------+
; Pin           ; I/O Standard ; Board Delay on Rise ; Board Delay on Fall ; Steady State Voh at FPGA Pin ; Steady State Vol at FPGA Pin ; Voh Max at FPGA Pin ; Vol Min at FPGA Pin ; Ringback Voltage on Rise at FPGA Pin ; Ringback Voltage on Fall at FPGA Pin ; 10-90 Rise Time at FPGA Pin ; 90-10 Fall Time at FPGA Pin ; Monotonic Rise at FPGA Pin ; Monotonic Fall at FPGA Pin ; Steady State Voh at Far-end ; Steady State Vol at Far-end ; Voh Max at Far-end ; Vol Min at Far-end ; Ringback Voltage on Rise at Far-end ; Ringback Voltage on Fall at Far-end ; 10-90 Rise Time at Far-end ; 90-10 Fall Time at Far-end ; Monotonic Rise at Far-end ; Monotonic Fall at Far-end ;
+---------------+--------------+---------------------+---------------------+------------------------------+------------------------------+---------------------+---------------------+--------------------------------------+--------------------------------------+-----------------------------+-----------------------------+----------------------------+----------------------------+-----------------------------+-----------------------------+--------------------+--------------------+-------------------------------------+-------------------------------------+----------------------------+----------------------------+---------------------------+---------------------------+
; LEDR[0]       ; 2.5 V        ; 0 s                 ; 0 s                 ; 2.62 V                       ; 4.05e-08 V                   ; 2.72 V              ; -0.0349 V           ; 0.173 V                              ; 0.1 V                                ; 2.72e-10 s                  ; 2.69e-10 s                  ; Yes                        ; Yes                        ; 2.62 V                      ; 4.05e-08 V                  ; 2.72 V             ; -0.0349 V          ; 0.173 V                             ; 0.1 V                               ; 2.72e-10 s                 ; 2.69e-10 s                 ; Yes                       ; Yes                       ;
; LEDR[1]       ; 2.5 V        ; 0 s                 ; 0 s                 ; 2.62 V                       ; 4.05e-08 V                   ; 2.72 V              ; -0.0349 V           ; 0.173 V                              ; 0.1 V                                ; 2.72e-10 s                  ; 2.69e-10 s                  ; Yes                        ; Yes                        ; 2.62 V                      ; 4.05e-08 V                  ; 2.72 V             ; -0.0349 V          ; 0.173 V                             ; 0.1 V                               ; 2.72e-10 s                 ; 2.69e-10 s                 ; Yes                       ; Yes                       ;
; LEDR[2]       ; 2.5 V        ; 0 s                 ; 0 s                 ; 2.62 V                       ; 4.05e-08 V                   ; 2.72 V              ; -0.0349 V           ; 0.173 V                              ; 0.1 V                                ; 2.72e-10 s                  ; 2.69e-10 s                  ; Yes                        ; Yes                        ; 2.62 V                      ; 4.05e-08 V                  ; 2.72 V             ; -0.0349 V          ; 0.173 V                             ; 0.1 V                               ; 2.72e-10 s                 ; 2.69e-10 s                 ; Yes                       ; Yes                       ;
; LEDR[3]       ; 2.5 V        ; 0 s                 ; 0 s                 ; 2.62 V                       ; 4.05e-08 V                   ; 2.72 V              ; -0.0349 V           ; 0.173 V                              ; 0.1 V                                ; 2.72e-10 s                  ; 2.69e-10 s                  ; Yes                        ; Yes                        ; 2.62 V                      ; 4.05e-08 V                  ; 2.72 V             ; -0.0349 V          ; 0.173 V                             ; 0.1 V                               ; 2.72e-10 s                 ; 2.69e-10 s                 ; Yes                       ; Yes                       ;
; LEDR[4]       ; 2.5 V        ; 0 s                 ; 0 s                 ; 2.62 V                       ; 4.05e-08 V                   ; 2.72 V              ; -0.0349 V           ; 0.173 V                              ; 0.1 V                                ; 2.72e-10 s                  ; 2.69e-10 s                  ; Yes                        ; Yes                        ; 2.62 V                      ; 4.05e-08 V                  ; 2.72 V             ; -0.0349 V          ; 0.173 V                             ; 0.1 V                               ; 2.72e-10 s                 ; 2.69e-10 s                 ; Yes                       ; Yes                       ;
; LEDR[5]       ; 2.5 V        ; 0 s                 ; 0 s                 ; 2.62 V                       ; 4.05e-08 V                   ; 2.72 V              ; -0.0349 V           ; 0.173 V                              ; 0.1 V                                ; 2.72e-10 s                  ; 2.69e-10 s                  ; Yes                        ; Yes                        ; 2.62 V                      ; 4.05e-08 V                  ; 2.72 V             ; -0.0349 V          ; 0.173 V                             ; 0.1 V                               ; 2.72e-10 s                 ; 2.69e-10 s                 ; Yes                       ; Yes                       ;
; LEDR[6]       ; 2.5 V        ; 0 s                 ; 0 s                 ; 2.62 V                       ; 4.05e-08 V                   ; 2.72 V              ; -0.0349 V           ; 0.173 V                              ; 0.1 V                                ; 2.72e-10 s                  ; 2.69e-10 s                  ; Yes                        ; Yes                        ; 2.62 V                      ; 4.05e-08 V                  ; 2.72 V             ; -0.0349 V          ; 0.173 V                             ; 0.1 V                               ; 2.72e-10 s                 ; 2.69e-10 s                 ; Yes                       ; Yes                       ;
; LEDR[7]       ; 2.5 V        ; 0 s                 ; 0 s                 ; 2.62 V                       ; 4.05e-08 V                   ; 2.72 V              ; -0.0349 V           ; 0.173 V                              ; 0.1 V                                ; 2.72e-10 s                  ; 2.69e-10 s                  ; Yes                        ; Yes                        ; 2.62 V                      ; 4.05e-08 V                  ; 2.72 V             ; -0.0349 V          ; 0.173 V                             ; 0.1 V                               ; 2.72e-10 s                 ; 2.69e-10 s                 ; Yes                       ; Yes                       ;
; LEDR[8]       ; 2.5 V        ; 0 s                 ; 0 s                 ; 2.62 V                       ; 4.05e-08 V                   ; 2.72 V              ; -0.0349 V           ; 0.173 V                              ; 0.1 V                                ; 2.72e-10 s                  ; 2.69e-10 s                  ; Yes                        ; Yes                        ; 2.62 V                      ; 4.05e-08 V                  ; 2.72 V             ; -0.0349 V          ; 0.173 V                             ; 0.1 V                               ; 2.72e-10 s                 ; 2.69e-10 s                 ; Yes                       ; Yes                       ;
; LEDR[9]       ; 2.5 V        ; 0 s                 ; 0 s                 ; 2.62 V                       ; 4.05e-08 V                   ; 2.64 V              ; -0.0113 V           ; 0.208 V                              ; 0.179 V                              ; 2.38e-09 s                  ; 2.23e-09 s                  ; No                         ; Yes                        ; 2.62 V                      ; 4.05e-08 V                  ; 2.64 V             ; -0.0113 V          ; 0.208 V                             ; 0.179 V                             ; 2.38e-09 s                 ; 2.23e-09 s                 ; No                        ; Yes                       ;
; ~ALTERA_DCLK~ ; 2.5 V        ; 0 s                 ; 0 s                 ; 2.62 V                       ; 2.22e-08 V                   ; 2.74 V              ; -0.06 V             ; 0.158 V                              ; 0.08 V                               ; 2.68e-10 s                  ; 2.19e-10 s                  ; Yes                        ; Yes                        ; 2.62 V                      ; 2.22e-08 V                  ; 2.74 V             ; -0.06 V            ; 0.158 V                             ; 0.08 V                              ; 2.68e-10 s                 ; 2.19e-10 s                 ; Yes                       ; Yes                       ;
; ~ALTERA_nCEO~ ; 3.3-V LVTTL  ; 0 s                 ; 0 s                 ; 3.46 V                       ; 1.25e-07 V                   ; 3.57 V              ; -0.0855 V           ; 0.315 V                              ; 0.175 V                              ; 6.79e-10 s                  ; 6.15e-10 s                  ; No                         ; No                         ; 3.46 V                      ; 1.25e-07 V                  ; 3.57 V             ; -0.0855 V          ; 0.315 V                             ; 0.175 V                             ; 6.79e-10 s                 ; 6.15e-10 s                 ; No                        ; No                        ;
+---------------+--------------+---------------------+---------------------+------------------------------+------------------------------+---------------------+---------------------+--------------------------------------+--------------------------------------+-----------------------------+-----------------------------+----------------------------+----------------------------+-----------------------------+-----------------------------+--------------------+--------------------+-------------------------------------+-------------------------------------+----------------------------+----------------------------+---------------------------+---------------------------+


+-------------------------------------------------------------------+
; Setup Transfers                                                   ;
+------------+----------+----------+----------+----------+----------+
; From Clock ; To Clock ; RR Paths ; FR Paths ; RF Paths ; FF Paths ;
+------------+----------+----------+----------+----------+----------+
; CLOCK_50   ; CLOCK_50 ; 3678     ; 0        ; 0        ; 0        ;
+------------+----------+----------+----------+----------+----------+
Entries labeled "false path" only account for clock-to-clock false paths and not path-based false paths. As a result, actual path counts may be lower than reported.


+-------------------------------------------------------------------+
; Hold Transfers                                                    ;
+------------+----------+----------+----------+----------+----------+
; From Clock ; To Clock ; RR Paths ; FR Paths ; RF Paths ; FF Paths ;
+------------+----------+----------+----------+----------+----------+
; CLOCK_50   ; CLOCK_50 ; 3678     ; 0        ; 0        ; 0        ;
+------------+----------+----------+----------+----------+----------+
Entries labeled "false path" only account for clock-to-clock false paths and not path-based false paths. As a result, actual path counts may be lower than reported.


---------------
; Report TCCS ;
---------------
No dedicated SERDES Transmitter circuitry present in device or used in design


---------------
; Report RSKM ;
---------------
No non-DPA dedicated SERDES Receiver circuitry present in device or used in design


+------------------------------------------------+
; Unconstrained Paths Summary                    ;
+---------------------------------+-------+------+
; Property                        ; Setup ; Hold ;
+---------------------------------+-------+------+
; Illegal Clocks                  ; 0     ; 0    ;
; Unconstrained Clocks            ; 0     ; 0    ;
; Unconstrained Input Ports       ; 11    ; 11   ;
; Unconstrained Input Port Paths  ; 67    ; 67   ;
; Unconstrained Output Ports      ; 10    ; 10   ;
; Unconstrained Output Port Paths ; 24    ; 24   ;
+---------------------------------+-------+------+


+------------------------------------------+
; Clock Status Summary                     ;
+----------+----------+------+-------------+
; Target   ; Clock    ; Type ; Status      ;
+----------+----------+------+-------------+
; CLOCK_50 ; CLOCK_50 ; Base ; Constrained ;
+----------+----------+------+-------------+


+---------------------------------------------------------------------------------------------------+
; Unconstrained Input Ports                                                                         ;
+------------+--------------------------------------------------------------------------------------+
; Input Port ; Comment                                                                              ;
+------------+--------------------------------------------------------------------------------------+
; KEY[0]     ; No input delay, min/max delays, false-path exceptions, or max skew assignments found ;
; KEY[1]     ; No input delay, min/max delays, false-path exceptions, or max skew assignments found ;
; KEY[2]     ; No input delay, min/max delays, false-path exceptions, or max skew assignments found ;
; SW[0]      ; No input delay, min/max delays, false-path exceptions, or max skew assignments found ;
; SW[1]      ; No input delay, min/max delays, false-path exceptions, or max skew assignments found ;
; SW[2]      ; No input delay, min/max delays, false-path exceptions, or max skew assignments found ;
; SW[3]      ; No input delay, min/max delays, false-path exceptions, or max skew assignments found ;
; SW[4]      ; No input delay, min/max delays, false-path exceptions, or max skew assignments found ;
; SW[5]      ; No input delay, min/max delays, false-path exceptions, or max skew assignments found ;
; SW[6]      ; No input delay, min/max delays, false-path exceptions, or max skew assignments found ;
; SW[7]      ; No input delay, min/max delays, false-path exceptions, or max skew assignments found ;
+------------+--------------------------------------------------------------------------------------+


+-----------------------------------------------------------------------------------------------------+
; Unconstrained Output Ports                                                                          ;
+-------------+---------------------------------------------------------------------------------------+
; Output Port ; Comment                                                                               ;
+-------------+---------------------------------------------------------------------------------------+
; LEDR[0]     ; No output delay, min/max delays, false-path exceptions, or max skew assignments found ;
; LEDR[1]     ; No output delay, min/max delays, false-path exceptions, or max skew assignments found ;
; LEDR[2]     ; No output delay, min/max delays, false-path exceptions, or max skew assignments found ;
; LEDR[3]     ; No output delay, min/max delays, false-path exceptions, or max skew assignments found ;
; LEDR[4]     ; No output delay, min/max delays, false-path exceptions, or max skew assignments found ;
; LEDR[5]     ; No output delay, min/max delays, false-path exceptions, or max skew assignments found ;
; LEDR[6]     ; No output delay, min/max delays, false-path exceptions, or max skew assignments found ;
; LEDR[7]     ; No output delay, min/max delays, false-path exceptions, or max skew assignments found ;
; LEDR[8]     ; No output delay, min/max delays, false-path exceptions, or max skew assignments found ;
; LEDR[9]     ; No output delay, min/max delays, false-path exceptions, or max skew assignments found ;
+-------------+---------------------------------------------------------------------------------------+


+---------------------------------------------------------------------------------------------------+
; Unconstrained Input Ports                                                                         ;
+------------+--------------------------------------------------------------------------------------+
; Input Port ; Comment                                                                              ;
+------------+--------------------------------------------------------------------------------------+
; KEY[0]     ; No input delay, min/max delays, false-path exceptions, or max skew assignments found ;
; KEY[1]     ; No input delay, min/max delays, false-path exceptions, or max skew assignments found ;
; KEY[2]     ; No input delay, min/max delays, false-path exceptions, or max skew assignments found ;
; SW[0]      ; No input delay, min/max delays, false-path exceptions, or max skew assignments found ;
; SW[1]      ; No input delay, min/max delays, false-path exceptions, or max skew assignments found ;
; SW[2]      ; No input delay, min/max delays, false-path exceptions, or max skew assignments found ;
; SW[3]      ; No input delay, min/max delays, false-path exceptions, or max skew assignments found ;
; SW[4]      ; No input delay, min/max delays, false-path exceptions, or max skew assignments found ;
; SW[5]      ; No input delay, min/max delays, false-path exceptions, or max skew assignments found ;
; SW[6]      ; No input delay, min/max delays, false-path exceptions, or max skew assignments found ;
; SW[7]      ; No input delay, min/max delays, false-path exceptions, or max skew assignments found ;
+------------+--------------------------------------------------------------------------------------+


+-----------------------------------------------------------------------------------------------------+
; Unconstrained Output Ports                                                                          ;
+-------------+---------------------------------------------------------------------------------------+
; Output Port ; Comment                                                                               ;
+-------------+---------------------------------------------------------------------------------------+
; LEDR[0]     ; No output delay, min/max delays, false-path exceptions, or max skew assignments found ;
; LEDR[1]     ; No output delay, min/max delays, false-path exceptions, or max skew assignments found ;
; LEDR[2]     ; No output delay, min/max delays, false-path exceptions, or max skew assignments found ;
; LEDR[3]     ; No output delay, min/max delays, false-path exceptions, or max skew assignments found ;
; LEDR[4]     ; No output delay, min/max delays, false-path exceptions, or max skew assignments found ;
; LEDR[5]     ; No output delay, min/max delays, false-path exceptions, or max skew assignments found ;
; LEDR[6]     ; No output delay, min/max delays, false-path exceptions, or max skew assignments found ;
; LEDR[7]     ; No output delay, min/max delays, false-path exceptions, or max skew assignments found ;
; LEDR[8]     ; No output delay, min/max delays, false-path exceptions, or max skew assignments found ;
; LEDR[9]     ; No output delay, min/max delays, false-path exceptions, or max skew assignments found ;
+-------------+---------------------------------------------------------------------------------------+


+--------------------------+
; Timing Analyzer Messages ;
+--------------------------+
Info: *******************************************************************
Info: Running Quartus Prime Timing Analyzer
    Info: Version 21.1.0 Build 842 10/21/2021 SJ Lite Edition
    Info: Processing started: Tue Aug  4 08:03:57 2026
Info: Command: quartus_sta fifo_demo -c fifo_demo
Info: qsta_default_script.tcl version: #1
Warning (18236): Number of processors has not been specified which may cause overloading on shared machines.  Set the global assignment NUM_PARALLEL_PROCESSORS in your QSF to an appropriate value for best performance.
Info (20030): Parallel compilation is enabled and will use 6 of the 6 processors detected
Info (21077): Low junction temperature is 0 degrees C
Info (21077): High junction temperature is 85 degrees C
Critical Warning (332012): Synopsys Design Constraints File file not found: 'fifo_demo.sdc'. A Synopsys Design Constraints File is required by the Timing Analyzer to get proper timing constraints. Without it, the Compiler will not properly optimize the design.
Info (332142): No user constrained base clocks found in the design. Calling "derive_clocks -period 1.0"
Info (332105): Deriving Clocks
    Info (332105): create_clock -period 1.000 -name CLOCK_50 CLOCK_50
Info (332143): No user constrained clock uncertainty found in the design. Calling "derive_clock_uncertainty"
Info (332123): Deriving Clock Uncertainty. Please refer to report_sdc in the Timing Analyzer to see clock uncertainties.
Info: Found TIMING_ANALYZER_REPORT_SCRIPT_INCLUDE_DEFAULT_ANALYSIS = ON
Info: Analyzing Slow 1200mV 85C Model
Critical Warning (332148): Timing requirements not met
    Info (11105): For recommendations on closing timing, run Report Timing Closure Recommendations in the Timing Analyzer.
Info (332146): Worst-case setup slack is -4.070
    Info (332119):     Slack       End Point TNS Clock 
    Info (332119): ========= =================== =====================
    Info (332119):    -4.070            -453.951 CLOCK_50 
Info (332146): Worst-case hold slack is 0.403
    Info (332119):     Slack       End Point TNS Clock 
    Info (332119): ========= =================== =====================
    Info (332119):     0.403               0.000 CLOCK_50 
Info (332140): No Recovery paths to report
Info (332140): No Removal paths to report
Info (332146): Worst-case minimum pulse width slack is -3.000
    Info (332119):     Slack       End Point TNS Clock 
    Info (332119): ========= =================== =====================
    Info (332119):    -3.000            -197.035 CLOCK_50 
Info (332114): Report Metastability: Found 1 synchronizer chains.
    Info (332114): Design MTBF is not calculated because the design doesn't meet its timing requirements.
Info: Analyzing Slow 1200mV 0C Model
Info (334003): Started post-fitting delay annotation
Info (334004): Delay annotation completed successfully
Info (332123): Deriving Clock Uncertainty. Please refer to report_sdc in the Timing Analyzer to see clock uncertainties.
Critical Warning (332148): Timing requirements not met
    Info (11105): For recommendations on closing timing, run Report Timing Closure Recommendations in the Timing Analyzer.
Info (332146): Worst-case setup slack is -3.647
    Info (332119):     Slack       End Point TNS Clock 
    Info (332119): ========= =================== =====================
    Info (332119):    -3.647            -402.707 CLOCK_50 
Info (332146): Worst-case hold slack is 0.354
    Info (332119):     Slack       End Point TNS Clock 
    Info (332119): ========= =================== =====================
    Info (332119):     0.354               0.000 CLOCK_50 
Info (332140): No Recovery paths to report
Info (332140): No Removal paths to report
Info (332146): Worst-case minimum pulse width slack is -3.000
    Info (332119):     Slack       End Point TNS Clock 
    Info (332119): ========= =================== =====================
    Info (332119):    -3.000            -197.035 CLOCK_50 
Info (332114): Report Metastability: Found 1 synchronizer chains.
    Info (332114): Design MTBF is not calculated because the design doesn't meet its timing requirements.
Info: Analyzing Fast 1200mV 0C Model
Info (332123): Deriving Clock Uncertainty. Please refer to report_sdc in the Timing Analyzer to see clock uncertainties.
Critical Warning (332148): Timing requirements not met
    Info (11105): For recommendations on closing timing, run Report Timing Closure Recommendations in the Timing Analyzer.
Info (332146): Worst-case setup slack is -1.412
    Info (332119):     Slack       End Point TNS Clock 
    Info (332119): ========= =================== =====================
    Info (332119):    -1.412            -139.403 CLOCK_50 
Info (332146): Worst-case hold slack is 0.182
    Info (332119):     Slack       End Point TNS Clock 
    Info (332119): ========= =================== =====================
    Info (332119):     0.182               0.000 CLOCK_50 
Info (332140): No Recovery paths to report
Info (332140): No Removal paths to report
Info (332146): Worst-case minimum pulse width slack is -3.000
    Info (332119):     Slack       End Point TNS Clock 
    Info (332119): ========= =================== =====================
    Info (332119):    -3.000            -200.150 CLOCK_50 
Info (332114): Report Metastability: Found 1 synchronizer chains.
    Info (332114): The design MTBF is not calculated because there are no specified synchronizers in the design.
    Info (332114): Number of Synchronizer Chains Found: 1
    Info (332114): Shortest Synchronizer Chain: 2 Registers
    Info (332114): Fraction of Chains for which MTBFs Could Not be Calculated: 1.000
    Info (332114): Worst Case Available Settling Time: 0.342 ns
    Info (332114): 
Info (332102): Design is not fully constrained for setup requirements
Info (332102): Design is not fully constrained for hold requirements
Info: Quartus Prime Timing Analyzer was successful. 0 errors, 5 warnings
    Info: Peak virtual memory: 586 megabytes
    Info: Processing ended: Tue Aug  4 08:03:58 2026
    Info: Elapsed time: 00:00:01
    Info: Total CPU time (on all processors): 00:00:01


